Test date	Product name	Brand	Lead level
1/7/2014	meat tenderizer	mimi's products	none found
3/11/2014	extra hot chili powder	maya	115
3/11/2014	red chili powder	three rivers	113
3/11/2014	paprika	maya	179
3/11/2014	turmeric powder	ibco grand	445
3/11/2014	pure turmeric powder	aci	146000.0
3/11/2014	sumac powder	three rivers	478
3/12/2014	chili powder	radhuni	151
3/12/2014	black cumin	basak	29.5
3/12/2014	turmeric powder	pran	52800.0
3/12/2014	curry powder	tropical heat	303
3/12/2014	curry powder ex. hot	durbar	272
3/12/2014	pav bhaji masala	kohinoor	255
3/12/2014	chili powder	bot ot	1040
3/12/2014	kutchry dum qeema masala	ahmed	1320
3/12/2014	chana masala	ahmed	485
3/12/2014	curry powder	bolsts	198
3/26/2014	hungarian paprika	archer farms	73.9
4/9/2014	sterilized paprika		221
4/9/2014	sweet paprika	antepu	1330
6/27/2014	tumeric	la flor	1140
7/30/2014	red paprika	abido	252
7/30/2014	cumin seed powder	pran	165
10/20/2014	turmeric powder	swad	50.5
10/20/2014	turmeric powder	swad	116
11/7/2014	spice pouch	court brand	15600.0
11/19/2014	cumin powder	radhuni	137
11/25/2014	turmeric	archer farms	39.1
11/13/2014	turmeric powder	rehmat	519
11/26/2014	chilly powder	eastern kashmiri	57.6
11/24/2014	noors chili powder	noors	193
12/4/2014	best quality turmeric	rehmat	736
12/8/2014	chilly powder (hottest)	eastern	105
12/8/2014	kashmiri chilly powder	eastern	60.9
12/12/2014	turmeric powder	swad	48.5
12/12/2014	black salt	america's best	97.3
12/15/2014	cumin	geerc	135
12/16/2014	best quality turmeric	deep	30.0
1/14/2015	dried chili serrono hot	abarrotera	236
1/26/2015	jeera cumin powder	america's best	1160
1/29/2015	saffron (kasubha)	sunrise foods	14400.0
1/30/2015	turmeric powder	rehmat	238
2/2/2015	dried chilli powder	chengdu shizilou	207
2/5/2015	ground cinnamon	stone ground	54
2/20/2015	extra hot chilli powder	maya	140
2/20/2015	red chili powder	three rivers	129
2/20/2015	saffron powder (turmeric)	chief	255
2/20/2015	turmeric powder	deer	76.3
2/20/2015	paprika	rose brand	910
2/20/2015	garam masala	maya	1110
2/20/2015	garam masala	mtr	216
2/27/2015	turmeric powder	bombay original	214
2/24/2015	dried foeniculum (anise)	golden lion	1310
3/10/2015	turmeric powder	lion brand	60
3/9/2015	turmeric powder	noor's	139
3/9/2015	curry powder	america's best	609
3/5/2015	pure pickle masala	deep	38.5
3/5/2015	turmeric powder	apna bazar	none
3/5/2015	chilli powder extra hot	apna bazar	200
3/5/2015	himalayan pink salt	nirwana	59.3
3/5/2015	black salt	maya	216
3/6/2015	black salt	maya	631
3/6/2015	lalah's madras curry	fortune brand	292
3/19/2015	turmeric powder	radhuni	266
4/7/2015	ground turmeric	eagle spice &	73.7
4/20/2015	ground turmeric	shur fine byrons	121
4/28/2015	oregano natural en polvo	soy dominicano	193
4/30/2015	three rivers ground	z mart inc	403
5/20/2015	malathy powder	three rivers	1420
5/20/2015	turmeric powder	three rivers	133
6/4/2015	saffron powder (turmeric)	chief brand	84.0
6/4/2015	madras curry	taj madrassee	61.3
6/10/2015	tumeric powder	vianco	1080
6/12/2015	chilli powder (hot)	maya foods	196
6/19/2015	paprika	spice classics	276
6/23/2015	hawla massala	maywah	331
7/9/2015	chilli powder extra hot	charminar	95.3
7/9/2015	paprika	three rivers	143
7/15/2015	ground cumin	mimi's products	600
7/21/2015	turmeric powder	maya	30.9
7/27/2015	turmeric powder	maya	43.4
8/3/2015	turmeric powder	deer brand	137
7/24/2015	chilli powder	rehmat	82.1
9/3/2015	chili powder	wei-chuan	666
9/4/2015	tumeric powder	tl bon con voi	350
9/4/2015	ground hot chilli	wangderm brand	63.0
9/23/2015	tumeric powder	radhuni	189
9/23/2015	red pepper nice tasty	original gold	104
9/28/2015	tumeric	indo-west indian	88.3
11/3/2015	whole tumeric	hardee	35.1
11/18/2015	tumeric powder	deer	75.9
11/30/2015	cumin powder	nature's nurture	383
12/3/2015	turmeric powder	maya	230
12/14/2015	ground cinnamon	toros	119
12/14/2015	cumin ground	abido	124
12/21/2015	ground turmeric	fresh finds	3330
12/23/2015	pretzel salt		none
12/30/2015	dried five spiced powder	golden lion	3710
12/30/2015	ground chiltepin pepper	abarrotera	90.6
12/30/2015	flor de jamaica	la mixteca	817
1/5/2016	ground paprika	three rivers	180
1/5/2016	ground garlic	three rivers	none
1/26/2016	cumin powder	laxmi brand	175
2/17/2016	tamarind flavor lollipop	delicios de	9.39
3/3/2016	chili powder	radhuni	99.5
3/3/2016	curry powder	radhuni	280
3/8/2016	turmeric	hoque	103
3/17/2016	chilli powder	bhavani	88.6
4/11/2016	chili powder (spice/salt blend)	luzerne market	88.5
4/14/2016	turmeric powder	best taste	2300
4/15/2016	suya khebab powder	stack	2160
4/21/2016	soro wisa/piper guineense		64.9
5/4/2016	chilly powder red	neesa	112
5/4/2016	coriander	pran	247
5/13/2016	turmeric	indo-west indian	894
5/13/2016	turmeric	rose brand	29.0
5/13/2016	curry powder	chief	63.9
5/13/2016	turmeric powder	chief	264
6/2/2016	dried ginger powder	golden lion	1130
6/6/2016	ground cumin/comino	mimi's	746
6/7/2016	paprika	mimi's	256
6/2/2016	dried five spice powder	golden lion	6910
6/8/2016	ground saffron	la ricura	58.5
6/8/2016	red pepper powder	oriental mascot	1400
6/9/2016	turmeric powder	keshav	130
6/9/2016	ground cinnamon	mccormick	53.9
6/7/2016	jamaican curry powder	blue mountain	1070
6/10/2016	paprika	mccormick	213
6/10/2016	yellow curry powder	olde thompson	170
6/7/2016	maras pepper	vintage	336
6/7/2016	sumac	vintage	773
6/10/2016	five spice powder	asian boy	545
6/9/2016	curry	al-ragawi	336
6/13/2016	ground cumin	kitchen blend	1570
6/14/2016	extra hot chili powder	maya	186
6/14/2016	fancy paprika	chef's quality	165
6/14/2016	garlic powder	clover valley	none
6/14/2016	ground cinnamon	la flor	36.7
6/7/2016	curry powder	lalah's	338
6/15/2016	whole achiote	abarrotera	80.3
6/15/2016	flax seed	abarrotera	none
6/14/2016	tumeric powder	laxmi brand	223
6/14/2016	rice seasoning	wasabi fumi	81.1
6/14/2016	curry powder	ta'am vareach	75.4
6/16/2016	paprika	sysco imperial	283
6/15/2016	kamis kurczaka		82.3
6/15/2016	furikake rice seasoning	noritumego	20.2
6/20/2016	karela powder (bitter	swad	385
6/20/2016	cumin seed (whole)	mimi's	127
6/20/2016	paprika	mimi's	263
6/21/2016	black pepper	tops	63.7
6/21/2016	korintje cinnamon ground	365	25.5
6/21/2016	seasoned meat tenderizer	venetian	21.6
6/21/2016	spanish paprika	spice specialist	435
6/20/2016	red curry powder	asian boy	828
6/20/2016	red anatto powder	asian boy	363
6/20/2016	hot chilli powder	best taste	128
6/22/2016	ground paprika	peru food	419
6/24/2016	mint	cedar garden	173
6/24/2016	ground cumin	mccormick	79.0
6/27/2016	aniseed powder	crown	4830
6/27/2016	curry powder	maya	393
6/24/2016	lemon pepper	la flor	none
6/24/2016	hungarian style hot paprika	pride of szeged	131
6/24/2016	jaifal powder (nutmeg)	deep	21.0
6/28/2016	chile arbol	gromex	19.9
7/1/2016	jamaican curry powder	blue mountain	2790.0
7/1/2016	jamaican curry powder	blue mountain	35000.0
7/1/2016	hot pepper powder	primacy	186
7/6/2016	chili powder	great value	202
7/6/2016	paprika	great value	287
7/6/2016	organic ground turmeric	great value	80.4
7/6/2016	cayenne pepper	zatarains	29.3
7/8/2016	jamaican curry powder	blue mountain	461
7/8/2016	hot jamaican curry powder	blue mountain	486
7/11/2016	red chilli	abido	505
7/11/2016	imported paprika	avico	533
7/11/2016	red pepper	avico	694
7/13/2016	clasico seasoning	tajin	87.2
7/14/2016	ground turmeric	fresh finds	54100.0
7/14/2016	chili pepper	s&b	218
7/14/2016	red pepper powder	assi	146
7/14/2016	red chilli powder ex hot	deep	77.7
7/14/2016	red paprika	abido	254
7/14/2016	vegeta	podravka	none
7/21/2016	curry powder	fresh finds	431
7/25/2016	hot jamaican jerk curry	blue mountain	201
7/25/2016	curry powder	marian	56.0
7/26/2016	turmeric ground	three rivers	465
7/26/2016	cummin powder	three rivers	290
7/26/2016	coriander powder	three rivers	109
7/28/2016	hot pepper	amanfopong	141
7/29/2016	seasoning	magic tree	37.3
7/28/2016	hot jamaican curry powder	blue mountain	18600.0
7/28/2016	jamaican curry powder	jamaican choice	22600.0
7/28/2016	jamaican curry powder	blue mountain	49.1
7/28/2016	jamaican curry powder	blue mountain	21500.0
8/3/2016	tumeric powder	asian boy (ebq)	489
8/3/2016	jamaican curry powder	fiwi foods	174
8/8/2016	turmeric root ground	frontier	428
8/8/2016	curry powder	adams fairacre	492
8/8/2016	indian hot curry	the spice hunter	113
8/8/2016	black salt powder	swad	491
8/8/2016	madras curry powder	swad	313
8/8/2016	garam masala powder	swad	764
8/8/2016	turmeric powder	swad	53.3
8/8/2016	javentri powder	swad	513
8/8/2016	coriander powder	swad	145
8/8/2016	cumin powder	swad	295
8/8/2016	seasoned salt	lawry's	none
8/9/2016	meat tenderizer seasoned	chefs select	73.6
8/9/2016	chili powder	chefs select	103
8/9/2016	chili powder	spiceco	230
8/9/2016	chicken seasoning	better valu	27.4
8/9/2016	chili powder ex hot	keshav	280
8/9/2016	turmeric powder	keshav	118
8/9/2016	turmeric powder	swad best taste	53.3
8/10/2016	curry powder	spice time	372
8/10/2016	seasoned salt	spice time	125
8/10/2016	naturally pure chili	spice time	86.7
8/10/2016	red cayenne pepper	western beef	73.3
8/9/2016	turmeric powder	shad	5000
8/9/2016	chilli powder	shad	110
8/9/2016	coriander powder	shad	130
8/11/2016	chicken bouillon	kent	none
8/9/2016	ginger powder	bhavani	165
8/9/2016	turmeric powder	dragonfly	1560
8/9/2016	black salt rock	keshav	599
8/9/2016	garam masai powder	keshau	1410
8/9/2016	curry powder	laxmi	637
8/10/2016	paprika	badia	407
8/10/2016	ground cumin	price rite	338
8/11/2016	seasoned salt	spice supreme	30.9
8/11/2016	hamburger seasoned salt	spice supreme	676
8/11/2016	curry powder	spice supreme	461
8/4/2016	shawarma spices		243
8/11/2016	pure fancy paprika	eagle spice	158
8/10/2016	adobo	blue mountain	300
8/10/2016	chicken seasoning	blue mountain	123
8/10/2016	jamaican curry powder	blue mountain	1180
8/10/2016	fish seasoning	blue mountain	292
8/12/2016	cumin ground	chef's select	325
8/10/2016	curry powder	javin	73.4
8/12/2016	turmeric powder	keshav	249
8/12/2016	chilli powder	swad	91.8
8/12/2016	curry powder	mtr	92.8
8/15/2016	turmeric	bulk foods inc.	70.6
8/15/2016	gourmet curry powder	maier's market	257
8/17/2016	cumin seeds (whole)	laxmi	109
8/17/2016	chilli powder	national	53.0
8/17/2016	madras curry powder	swad	299
8/18/2016	seasoned salt	lawry's	none
8/18/2016	paprika	fresh finds	533
8/18/2016	hot jamaican curry powder	jamaican choice	25300.0
8/18/2016	dried licorice powder	golden lion	206
8/18/2016	dried cinnamon powder	golden lion	5390.0
8/18/2016	tumeric	golden flower	314
8/22/2016	african spices		169
8/19/2016	curry powder	breens market	1310
8/19/2016	chicken rub seasoning	emeril's	116
8/19/2016	curry powder	badia	477
8/19/2016	adobo seasoning	badia	42.2
8/23/2016	ground turmeric	mimi's products	35.4
8/23/2016	turmeric powder	caribbean blue	15800.0
8/25/2016	tumeric powder	best taste brand	2030
8/29/2016	turmeric powder	trong food	141
8/29/2016	fennel powder	crown	1880
8/29/2016	five spice powder	crown	11900.0
8/25/2016	dried five spice powder	golden lion	1950
8/29/2016	curry powder	maya	553
8/29/2016	chilli powder	swad	108
9/8/2016	fish curry masala	mdh	195
9/8/2016	liver curry spice mix	tooba	367
9/12/2016	turmeric powder	radhuni	147
9/12/2016	curry powder	radhuni	487
9/12/2016	chilli powder	radhuni	130
9/12/2016	javanti powder (mace)	shad usa	193
9/12/2016	yellow mustard powder	shad	83.9
9/12/2016	turmeric powder	radhuni	132
9/13/2016	african red hot pepper	adom	31.6
9/12/2016	turmeric powder	asian boy (e.b.q.)	218
9/13/2016	dried chilli crush	dragonfly	72.7
9/13/2016	turmeric powder	dragonfly	1250
9/13/2016	turmeric powder	vianco	350
9/13/2016	turmeric powder	shan	254
9/13/2016	chilli powder	national	382
9/13/2016	chilli powder	keshav	311
9/13/2016	star aniseed powder	ying feng food	6060
9/15/2016	paprika	valu time	330
10/4/2016	ground annatto	mi pepito	202
10/3/2016	garlic powder	caribbean blue	39.0
10/5/2016	turmeric powder	casablanca	94.2
10/5/2016	ground cumin	salma	637
10/5/2016	ground cumin	casablanca	657
10/5/2016	turmeric powder	salma	88.6
10/5/2016	curry powder	casablanca	185
10/5/2016	hot red pepper	salma	741
10/5/2016	hot chilli pepper	casablanca	775
10/5/2016	paprika powder (pimenton)	salma	346
10/5/2016	paprika powder (pimenton)	casablanca	450
10/11/2016	piquin molido (ground red	don elio	275
10/5/2016	el capitan bbq rub	greenpoint	201
10/5/2016	mean gator cajun	greenpoint	142
10/12/2016	spice mix for dal curry	shan	161
10/18/2016	chicken seasoning	blue mountain	115
10/20/2016	meat seasoning	blue mountain	83.6
10/20/2016	adobo all purpose	blue mountain	185
10/17/2016	jamaican curry powder	blue mountain	2370
10/17/2016	hot jamaican curry powder	blue mountain	225
10/17/2016	curry powder	chief	52.8
10/20/2016	javentri powder	swad	525
10/20/2016	javentri powder	swad	387
10/25/2016	turmeric powder	peck's market	48.7
10/25/2016	spanish paprika	peck's market	184
10/26/2016	star anise (whole)	szechuans	351
10/26/2016	sophora japonica l	green day	460
11/2/2016	chili powder (spice mix)	market pantry	145
11/1/2016	ground red pepper	k. sabor	132
11/1/2016	ground cumin	k. sabor	144
11/8/2016	pashupati lapsi powder		1770
11/8/2016	prabhu timur sichuan		382
11/14/2016	soul seasoning	mimi's products	94.5
11/14/2016	turmeric	spice islands	65.9
11/14/2016	turmeric	simply organic	217
11/15/2016	bot nghe turmeric powder	lucky eight	182
11/22/2016	curry powder	breen's market	105
11/21/2016	paprika powder	key food	587
11/28/2016	extra hot chilli powder	maya	47.8
11/30/2016	curry powder	spice supreme	492
12/5/2016	hot curry powder	bolst's	75.0
12/5/2016	tumeric powder	deer	76.1
12/5/2016	tumeric root	america's best	37.9
12/5/2016	red chilli ground (special)	three rivers	337
12/6/2016	paprika	price chopper	351
12/19/2016	dry garlic chutney	swad	326
12/29/2016	curry powder	chief	81.1
1/3/2017	mexican spices	cal mexicana	714
1/3/2017	turmeric powder	keshav	104
1/3/2017	chili powder	keshav	152
1/3/2017	chicken masala	century	511
1/4/2017	paprika	rehmat	291
12/23/2016	javantri whole (mace	paras	79.2
1/5/2017	jamaican curry powder	goya	107
1/5/2017	cumin seed powder	khaas	230
1/17/2017	cumin powder	radhuni	144
1/17/2017	turmeric powder	deer	299
1/25/2017	curry powder	vianco indian	417
1/27/2017	hard shrimp paste	belacan	212
1/27/2017	yellow hot pepper paste	dona sabal	14.9
1/26/2017	chilli powder ex-hot	maya	129
1/31/2017	extra fancy paprika	prima	113
1/30/2017	jamaican curry powder	blue mountain	57.7
2/6/2017	shrimp powder-maesri		107
2/6/2017	african red hot pepper	adom	50.8
2/6/2017	paprika	ziyad	425
2/7/2017	paprika	mimi's products	189
2/8/2017	turmeric powder	swad	61.4
2/8/2017	turmeric powder	maya overseas	56.3
2/13/2017	turmeric powder	three rivers	52.2
2/13/2017	turmeric powder	america's best	60.4
2/13/2017	ground turmeric	western beef	54.7
2/14/2017	curry powder	jarin	107
2/14/2017	organic tumeric	simply organic	489
2/15/2017	turmeric powder	maya	70.9
2/15/2017	turmeric powder	laxmi	40.9
2/16/2017	madras curry powder	kim tu thap	743
2/16/2017	khebab powder		415
2/16/2017	curry powder	lion	437
2/16/2017	khebab spices	suya	275
2/17/2017	ground cumin	badia	185
2/21/2017	paprika	my town	153
2/15/2017	tumeric powder	casablanca	117
2/21/2017	ground tumeric	eagle spice &	230
2/22/2017	paprika	market pantry	229
2/15/2017	organic turmeric powder	dual specialty	431
2/22/2017	ground turmeric	pereg	53.0
2/23/2017	cumin powder	key food	668
2/23/2017	ground cumin	spice n more	590
2/23/2017	ground cumin	spice n more	848
2/28/2017	five spice powder	oriental mascot	1260
3/8/2017	paprika	market pantry	193
3/13/2017	cumin powder	noor's	327
3/13/2017	ground turmeric	eagle spice	55.0
3/20/2017	red pepper powder	sunrise victory	306
3/20/2017	comino molido (ground	piaxtla	156
3/27/2017	turmeric	simply organic	469
3/31/2017	jamaican curry	caribbean	154
4/3/2017	parsley flakes	castella	523
4/4/2017	red chili powder	three rivers	117
4/4/2017	tumeric powder	three rivers	37.9
4/5/2017	javentri whole (mace)	shad	80.1
4/12/2017	jamaican curry	mimi's products	376
4/12/2017	ginger paste	mehran	13.7
4/13/2017	ground turmeric	peru food	351
4/13/2017	turmeric powder	swad	61.5
4/12/2017	green za'atar (spice mix)	ziyad	69.5
4/17/2017	turmeric powder	national	219
4/17/2017	chicken tikka spice mix	national	222
4/17/2017	chana spice mix	laziza	196
4/18/2017	sumac	casablanca	690
4/18/2017	sumac	casablanca	768
4/24/2017	turmeric powder	charminar	74.9
4/24/2017	soul seasoning	finest	20.6
4/25/2017	ground cumin	la flor	181
4/25/2017	jamaican curry powder	blue mountain	227
4/25/2017	jamaican curry powder	jamaican choice	19700
5/1/2017	chili powder	national	57.3
5/2/2017	dried aniseed	(pictures of bird	7670
5/8/2017	gb salt with spices and	costa del	none found
5/8/2017	chile piquin molido	mexican flavors	159
5/22/2017	curry powder	rico	233
5/23/2017	turmeric powder	bot ng he	2000
5/23/2017	smoked paprika	milleiton fresh	354
5/26/2017	jamaica curry powder	blue mountain	4490
5/26/2017	old harbour fish seasoning	blue mountain	306
5/26/2017	jamaica style mild curry	grace	59.8
5/30/2017	ground clove	nicomex	138
6/5/2017	paprika	marcum	178
6/12/2017	mild curry powder	bedessee	82.9
6/20/2017	comino molido/ ground	sol andino	1090000.0
6/21/2017	cumin	chef's select	259
6/23/2017	ground tumeric	keuka trail farm	279
6/28/2017	curry powder	toros	1330
6/29/2017	garam masala	spice rite	62.8
6/29/2017	garam masala	indo-west indian	140
6/29/2017	roasted geera (cumin)	maywah	91.5
6/29/2017	turmeric powder	keshav	48.4
6/29/2017	geera cumin roasted	indo-west indian	153
6/30/2017	mild curry powder	grace	36.3
6/30/2017	hot curry powder	grace	63.4
7/3/2017	turmeric powder	shwekein-na-yi	732
7/11/2017	grey salt with black	tartufi di fassia	3090
7/7/2017	cumin powder	laxmi brand	188
7/7/2017	cumin powder	laxmi brand	512
7/7/2017	cumin powder	laxmi brand	203
7/12/2017	cayenne pepper	finest choice	84.2
7/19/2017	saffron powder (tumeric)	chief	51.4
7/18/2017	mecit alpdogan sumak	oz alpdogan	692
7/18/2017	sumac ground	casa blanca	841
7/18/2017	sumac ground	casa blanca	578
7/19/2017	barbeque spice	eagle spice	168
7/19/2017	extra ground cumin	eagle spice	314
7/24/2017	ground cinnamon	niskayuna	483
7/24/2017	curry powder	niskayuna	390
7/24/2017	ground nutmeg	niskayuna	135
7/24/2017	turmeric	niskayuna	226
7/24/2017	paprika	kamis	363
7/26/2017	curry powder	guercio & sons	67.1
7/26/2017	ground cumin	gro mex	2200
7/27/2017	yellow coloring	lisy bija	30.2
7/27/2017	lemon pepper	salma	76.0
7/27/2017	cumin seeds	salma	114
8/2/2017	bajan curry powder	exotica	190
8/8/2017	turmeric powder	caribbean	51.5
8/14/2017	turmeric powder	magadoo	743
8/21/2017	sumac	baraka	284
8/22/2017	paprika	marcum	146
8/22/2017	cinnamon	marcum	21.8
8/22/2017	ground cumin	marcum	142
8/21/2017	lisa paprika	lisy	294
8/21/2017	grand cumin	lisy	230
8/22/2017	chilli powder extra hot	keshav	129
8/22/2017	mustard seed	keshav	25.9
8/22/2017	turmeric powder	keshav	100
8/28/2017	taco seasoning	mimi's products	478
9/5/2017	sweet paprika	freshly	533
8/31/2017	sumac ground	casa blanca	652
9/6/2017	tumeric powder	peacock brand	93.8
9/11/2017	cayenne paper	brooklyn spice	288
9/11/2017	palenque spanish chorizo	brooklyn spice	139
9/12/2017	menudo mix chile	el chilar	442
9/12/2017	clavo molido		1200
9/19/2017	chicken seasoning	clover valley	54.5
9/26/2017	sumac (turkey)	sumac	769
9/26/2017	sumac turkey (california)	sumac turkey	581
10/3/2017	ground cinnamon	price chopper	134
10/3/2017	paprika	price chopper	309
10/3/2017	chili powder	morton & bassett	116
10/3/2017	ground cumin	morton & bassett	113
10/3/2017	hot smoked paprika	jansal valley	233
10/10/2017	tumeric powder		51.7
10/17/2017	georgian dry spices	lucky ltd.	374
10/24/2017	tumeric powder	cock brand	723
11/1/2017	curry en polvo/curry	pepito	365
11/3/2017	ground massala	chandradat	150
11/3/2017	tumeric	indo west indian	69.6
11/6/2017	cayenne pepper	finest choice	164
11/6/2017	cayenne pepper	finest choice	297
11/6/2017	ground tumeric	finest choice	37.8
11/6/2017	ground tumeric	finest choice	2030
11/7/2017	red hot pepper	arifoglu	1020
11/14/2017	curry powder	chief	47.9
11/15/2017	hot & spicy duck / goat curry	chief	48.0
11/27/2017	pickle masala	swan	59.7
11/30/2017	sesame seeds	la flor	none
12/11/2017	smoked paprika	chef's select	189
12/13/2017	ground turmeric	finest choice	2190
12/13/2017	paprika	mimi's products	143
12/18/2017	red hot pepper flakes	arifoglu	975
12/21/2017	ground paprika	supreme tradition	462
1/3/2018	ground tumeric	therbal	34.7
1/8/2018	chilly powder extra hot	deer	87.5
1/8/2018	chilli powder red	deer	187
1/10/2018	white pepper powder	peacock brand	23.7
1/10/2018	five spices powder	peacock brand	1050
1/16/2018	fennel seed	deer	44.8
1/25/2018	ground nutmeg	supreme tradition	16.5
1/25/2018	ground cinnamon	supreme tradition	3500
1/23/2018	curry powder	betapac	173
1/29/2018	turmeric	double golden fish	77.6
1/30/2018	turmeric powder	moho	67.9
2/13/2018	annatto	double golden fish	54.1
2/13/2018	turmeric powder	double golden fish	43.7
2/13/2018	turmeric powder	golden owl	148
2/6/2018	sits kebab powder	baj	332
2/22/2018	cassava	otto's	132
2/26/2018	ground paprika	supreme tradition	382
2/26/2018	ground cloves	baker's select	1600
2/27/2018	himalayan pink salt	sophia	199
3/1/2018	ground cumin	ken's own	143
3/12/2018	jamaican curry	mimi's products	468
3/12/2018	ground cumin	mimi's products	352
3/9/2018	ground tumeric	mimi's products	48.3
3/9/2018	ground cumin	mimi's products	625
3/12/2018	turmeric	simply organic	199
3/12/2018	ground cumin	casablanca	250
3/12/2018	turmeric powder	casablanca	89.6
3/12/2018	ground cumin	picante foods	108.0
3/12/2018	curry powder	mi costenita	246.0
3/12/2018	roasted chili powder	gusto	101.0
3/12/2018	turmeric ground	three rivers	347.0
3/12/2018	cummin powder	three rivers	684.0
3/12/2018	chili powder	none	150.0
3/12/2018	turmeric powder	siam	1670.0
3/12/2018	madras curry powder	cariniando	576.0
3/12/2018	cumin powder	swad	162.0
3/12/2018	madras curry powder	swad	256.0
3/12/2018	cumin powder	radhuni	113.0
3/12/2018	curry powder	radhuni	358.0
3/12/2018	turmeric powder	radhuni	161.0
3/12/2018	curry powder	maya	2500.0
3/12/2018	ground cumin	angel	269.0
3/12/2018	turmeric powder	swad	73.7
3/12/2018	tumeric	simply organic	206.0
3/12/2018	ground cumin	badia	278.0
3/12/2018	cumin ground	chef's select	327.0
3/13/2018	turmeric powder	keshav	62.7
3/12/2018	roasted geera - ground cumin	chief	123.0
3/12/2018	turmeric powder	dual specialty store	68.2
3/13/2018	ground cumin	fresh finds	327.0
3/12/2018	curry powder	maya overseas	377
3/13/2018	ground turmeric	fresh finds	79.9
3/12/2018	turmeric powder	gr	142
3/13/2018	curry powder	fresh finds	105
3/12/2018	cumin powder	radhuni	132
3/12/2018	madras curry powder	sun brand	48.2
3/12/2018	ground nutmeg	the spice hunter	15.2
3/13/2018	organic cumin	spicely organics	173
3/12/2018	ground hot chili pepper	nicomex	346
3/12/2018	organic curry	spicely organics	107
3/12/2018	jahshueth's jamaican curry	jamaica gold	146
3/12/2018	tumeric	spice class	115
3/12/2018	special madras curry	indi	213
3/20/2018	cumin powder	shad	126
3/20/2018	chilli powder	shad	117
3/26/2018	black salt	shad	175
3/28/2018	ground coriander	info-west indian	60.4
3/28/2018	ground nutmeg	indo-west indian	55.5
3/28/2018	ground turmeric	chief brand products	158
3/28/2018	whole turmeric	indo-west indian	104
3/28/2018	ground cinnamon	indo-west indian	96.1
3/28/2018	ground cumin	los mart	403
3/26/2018	cumin powder	radhuni	125
3/28/2018	ground cinnamon	gro mex	4490
4/12/2018	turmeric	la flor	55.8
4/17/2018	jamaican style hot curry powder	grace	205
4/24/2018	adobo	goya	63.1
4/24/2018	curry powder	badia	219
5/1/2018	wild sesame powder	haioreum	144
5/1/2018	curry powder	salma	58.5
5/1/2018	turmeric powder	herb&honey	165
5/1/2018	turmeric powder	salma	60.1
5/1/2018	ginger powder	samhak	791
5/3/2018	ground turmeric	pereg	77.9
5/2/2018	paprika	mimi s products	285
5/7/2018	curry powder	maya	404.0
5/9/2018	bajan curry powder	exotica	321.0
5/9/2018	madras curry powder	cariherb	43.0
5/11/2018	cinnamon	simply organic	850.0
5/11/2018	turmeric	simply organic	64.2
5/30/2018	clove powder	ying feng foodstuffs	926.0
5/30/2018	red chilli powder	good. suitable	145.0
5/30/2018	five spices powder	good. suitable	2020.0
5/30/2018	cumin powder	ying feng food stuffs	1120.0
5/9/2018	ground piquin pods	gro mex	595.0
6/4/2018	achiote molido	grimes	167.0
6/4/2018	ground piquin pods	la bodeguita	212
6/4/2018	ground cumin	gromex	236
6/5/2018	ground tumeric	market bistro	62.8
6/5/2018	ground curry	rio grande	207
6/4/2018	indian chili powder	kalustyan s indian chili	95.8
6/4/2018	madras ground turmeric	kalustyan s madras	30.4
6/5/2018	turmeric powder	desi	2400
6/5/2018	chilli powder	desi	159
6/5/2018	oregano ranchero	baldom oregano	205
6/5/2018	badia	badia sazon tropical	63.7
6/5/2018	currry powder	jamaican choice	64.5
6/6/2018	curry powder	badia	351
6/6/2018	chili powder	rico	354
6/6/2018	chilli powder	angel brand	499
6/4/2018	red chillie powder	three rivers	1110
6/5/2018	turmeric powder	casablanca	44.8
6/6/2018	adobo seasoning	badia	27.2
6/6/2018	chili powder	supreme tradition	87.7
6/6/2018	sazon culantro & achiote	badia	32.5
6/7/2018	turmeric powder	aara	27.7
6/7/2018	red chili powder	aara	107
5/29/2018	turmeric	america s best vep	34.8
6/8/2018	hot curry powder	grace	63.9
6/8/2018	curry powder	blue mountain country	90.2
6/7/2018	ground turmeric	ziyad	105
6/7/2018	chili powder (extra hot)	ziyad	122
6/7/2018	turmeric powder	serene	189
6/7/2018	curry powder	serene	859
6/11/2018	curry powder	betapac	205
6/11/2018	curry powder	orale!	344
6/11/2018	aji peruano	mama tere	420
6/11/2018	turmeric powder	radhuni	136
6/11/2018	chili powder	radhuni	153
6/12/2018	turmeric powder	dead	74.9
6/12/2018	madras curry powder	dead	261
6/8/2018	jamaican curry powder	la flor	38.6
6/11/2018	jamaican curry	mimi s products	467
6/13/2018	paprika	badia	149
6/13/2018	onion powder	encore	57.4
6/14/2018	ground tumeric	farm fresh variety	698
6/14/2018	curry powder	laxmi brand	324
6/14/2018	red chili powder	deep	68.6
6/14/2018	kashmiri chili powder	periyar	77.7
6/14/2018	turmeric	frontier certified	42.1
6/15/2018	ground annatto	buens abor	713
6/15/2018	ground turmeric	eagle spice	43.7
6/15/2018	paprika	indo west indian	319
6/15/2018	anise seed whole	info west indian	80.3
6/18/2018	curry powder	spice class	152
6/15/2018	curry powder	chief	28.5
6/15/2018	curry powder	indi	209
6/15/2018	saffron powder tumeric	chief	44.2
6/18/2018	turmeric powder	maya	92.4
6/19/2018	curry powder	frontier co-op	207
6/18/2018	turmeric powder	caribbean paradise	207
6/18/2018	turmeric powder	chief	178
6/19/2018	turmeric powder	radhey foods	85.2
6/19/2018	thyme	thanksgiving farm	262
6/19/2018	curry powder	salma	162
6/19/2018	turmeric powder	salma	45.9
6/19/2018	turmetic powder ( pouder de	petel yengue meat	38.6
6/18/2018	mustard powder	kari-out co.	none
6/14/2018	red chili powder	lacking brand	60.6
6/21/2018	jahshueth s jamaican curry mild	jahshueth s jamaican	941
6/27/2018	ground annatto seeds	picante foods	166
6/27/2018	ground annatto seeds	mi costenita	198
6/27/2018	khichuri mix	radhuni	30.4
6/28/2018	ground coriander	casablanca	1660
7/9/2018	turmeric powder	maya	65.4
7/9/2018	ginger powder	maya	567
7/9/2018	red pepper powder (12 mesh)	samhak	73.8
7/9/2018	red pepper powder (30 mesh)	samhak	116
6/19/2018	ground turmeric	giunta's meat farms	683
6/27/2018	chili powder	marian	70.9
6/27/2018	ground cumin	abarrotera central	2410
7/11/2018	tumeric powder	spice rite	31.0
7/11/2018	jamaican curry powder	caribbean	90.8
7/11/2018	jamaican jerk seasoning	blue mountain country	120
7/11/2018	jamaican curry powder	blue mountain country	150
7/18/2018	pork rub	jakes grilling	84.6
7/23/2018	ground cumin	mimi s products	1120
7/27/2018	coriander ground		62.3
7/27/2018	achar gosht recipe & seasoning	shan recipe &	152
7/31/2018	himalayan pink salt	himalayan chef	127
8/3/2018	brown sesame seed	laxmi brand	none
8/3/2018	suya pepper	psk african market	394
8/3/2018	suya	ikenny	148
8/6/2018	sesame seed black	deer	none
8/6/2018	red pepper powder	tae kyung	65.6
8/6/2018	roasted black sesame seeds	assi brand	none
8/6/2018	sesame seed	do%c3%b1a julia	16.2
8/6/2018	hulled sesame seeds	garden gourmet	none
8/6/2018	hulled sesame seed	international spice	20.7
8/6/2018	black sesame seeds	havista	14.8
8/6/2018	sesame seeds (brown)	laxmi brand	14.3
8/6/2018	paras sesame white	paras	12.2
8/6/2018	paras sesame black	paras	none
8/6/2018	white sesame	wise wife	none
8/7/2018	premium pure white sesame seeds	kari-out co.	14.5
8/7/2018	sesame	roasted sesame	none
8/7/2018	sesame seeds	brooklyn harvest	19.6
8/6/2018	dried white sesame seeds	taste of king	none
8/6/2018	white sesame seeds	wangderm brand	none
8/7/2018	seasame seed	365	none
8/6/2018	brown sesame seeds	kesha s	29.0
8/6/2018	sesame seeds hulled	aara foods	none
7/26/2018	kashmiri chilli powder	swad	191
8/7/2018	ground cumin		520
8/7/2018	sesame seeds	casablanca	none
8/7/2018	sesame	nasal	10.9
8/7/2018	roasted sesame seeds	shirakiku	30.9
8/7/2018	sesame seed	jfc	none
8/14/2018	ground cumin	fresh finds	255
8/13/2018	curry powder	la flor	139
8/21/2018	paprika	prima spice inc	90.3
8/23/2018	sesame seeds	ajonkoli	35.3
8/28/2018	creole seasoning	tony chachere s	47.4
8/28/2018	turmeric powder	serene	192.0
9/6/2018	spice powder	golden cock brand	4240.0
9/11/2018	ground cumin	el chilar	1330.0
9/11/2018	ground cumin	angel brand	280.0
9/11/2018	sita (khebab powder)	lady divine	349.0
9/13/2018	jamaican chicken seasoning	oscar s	88.2
9/13/2018	jamaican curry seasoning	oscar s	80.9
9/17/2018	spice powder	oriental mascot	1060.0
9/24/2018	chilli powder	pure	95.2
9/28/2018	crushed chilli	spices & more	42.4
9/28/2018	parsley flakes	israeli parsley flakes	51.7
10/9/2018	curry powder	indi	194.0
10/11/2018	chili powder - red and hot	aashirvaad	113
10/11/2018	tamarind	unknown - bulk pack	93.4
10/11/2018	chilli powder	radhuni	114
10/11/2018	turmeric powder	radhuni	297
10/15/2018	(five) spice powder	golden cock	3590
10/15/2018	five spice powder	fook brand	11300
10/15/2018	dried cuminum cyminum l powder	golden lion	1130
10/24/2018	suya	home fresh foods	375
10/23/2018	curry powder	pran	241
11/1/2018	ground cumin	clover valley	234
11/6/2018	ground tumeric	spice island	96.6
11/6/2018	chili powder	mccormick	396
11/7/2018	chili	badia	181
11/7/2018	cumin	badia	333
11/6/2018	chili powder	la flor	435
11/8/2018	granulated garlic	badia	25.8
11/9/2018	chili powder	valu time	205
11/9/2018	turmeric	morton & bassett san	597
11/9/2018	ground cumin	la flor	105
11/9/2018	ground nutmeg	la flor	370
11/13/2018	turmeric	the spice hunter	87.9
11/13/2018	ground cumin	badia	302
11/14/2018	ground cumin	badia	366
11/14/2018	ground cinnamon	mccormick	none found
11/15/2018	paprika	mccormick	300
11/15/2018	chili powder	mccormick	168
11/15/2018	ground cumin	mccormick	44.1
11/15/2018	ground turmeric	mccormick	334
10/9/2018	ground cumin	badia	809
11/26/2018	ground turmeric	badia	701
11/26/2018	adobo all purpose season	goya	none found
11/26/2018	ground ginger	badia	1140
11/26/2018	ground cumin	badia	335
11/26/2018	paprika	mccormick	277
11/27/2018	gulf coast bay seasoning	d avolio	205
11/26/2018	ground cumin	fairway	134
11/26/2018	turmeric	fairway	160
11/26/2018	chili powder	fairway	77.6
11/27/2018	turmeric ground	365 everyday value	324
11/27/2018	chili powder	365 everyday value	82.2
11/26/2018	tumeric	lieber's	107
11/28/2018	chili powder	mccormick	108
11/28/2018	ground cumin	mccormick	65.3
11/29/2018	organic sea kelp delight seasoning	bragg	217
11/30/2018	organic ground ginger	mccormick	479
11/30/2018	organic chili powder	mccormick	91.9
11/30/2018	organic ground cumin	mccormick	163
11/30/2018	organic ground turmeric	mccormick	50.1
11/30/2018	organic curry powder	mccormick	134
11/30/2018	organic chinese five spice blend	mccormick gourmet	270
11/30/2018	ground cumin	goya	815
11/30/2018	organic ground saigon cinnamon	mccormick	271
11/30/2018	cinnamon powder	badia	18.8
11/30/2018	ground ginger	mccormick	603
11/30/2018	curry powder	mccormick	139
11/30/2018	stick cinnamon	goya	27.8
11/30/2018	ground turmeric	badia	198
11/30/2018	ground ginger	badia	1049
11/30/2018	curry powder	badia	351.0
11/30/2018	crushed red peppers	goya	34.0
11/30/2018	smoky turmeric	the spice hunter	50.6
11/30/2018	curry	penzeys	158.0
11/30/2018	ginger china powdered #1	penzeys	265.0
11/30/2018	cinnamon	penzeys	349.0
11/30/2018	cumin seed india ground	penzeys	80.6
11/30/2018	cayenne red pepper	penzeys	277.0
11/30/2018	chinese five spice powder	penzeys	122.0
11/30/2018	turmeric root india powdere	penzeys	695.0
11/30/2018	chili powder regular	penzeys	292.0
12/3/2018	turmeric powder	deshi	33.5
12/3/2018	spice powder	oriental mascot	2540
12/3/2018	cinnamon powder	shad	1130
12/3/2018	clover valley cajun	clover variety	71.8
12/10/2018	chili powder	iga	1660
12/10/2018	turmeric	swad	39.8
12/13/2018	red chilli powder	shan	398
12/17/2018	kelp granules	sea seasonings	327
12/19/2018	chili powder	kashmiri	187
12/24/2018	chow mein seasoning	guyana flavors	248
1/7/2019	ground turmeric	fresh finds	95.0
1/8/2019	khebab powder	suya	346
1/9/2019	ground cumin	gutierrez gd	408
1/28/2019	curry powder	pran	295.0
1/28/2019	ground cumin	boiceville	106.0
1/28/2019	ground cumin	boiceville	316.0
1/28/2019	turmeric	hanna s gourmet	605.0
1/29/2019	cumin	casablanca	160.0
1/29/2019	cummin powder	three rivers	733.0
1/30/2019	somac	neptune	101.0
2/5/2019	organic turmeric	williams sonoma	90.2
2/11/2019	chili powder	pecks markets	70.6
2/11/2019	chili powder	iga	532.0
2/11/2019	chili powder	stonemill essentials	237.0
2/11/2019	ground ginger	stonemill	729.0
2/11/2019	ground cumin	simply nature	121.0
2/13/2019	naturally pure ground cumin	spice time	225.0
2/11/2019	ground ginger	members mark	409.0
2/13/2019	curry powder	chef's quality	842.0
2/4/2019	curry powder	mccormick	210.0
2/19/2019	chili powder	eagle spice	94.2
2/19/2019	bot nghe turmeric powder	kim tu thap pyramide	516.0
2/19/2019	cumin seed	morton & bassett	91.0
2/19/2019	organic chili powder	mccormick gourmet	134.0
2/19/2019	organic ground turmeric	mccormick gourmet	55.0
2/19/2019	organic ground ginger	mccormick gourmet	60.9
2/19/2019	organic roasted ground cumin	mccormick gourmet	78.1
2/19/2019	ground cumin	mccormick	48.6
2/19/2019	organic curry powder	mccormick gourmet	149.0
2/19/2019	curry powder	mccormick	141.0
2/21/2019	ground cumin	mccormick	71.9
2/25/2019	curry powder	mccormick	222.0
2/25/2019	curry powder	mccormick	169.0
2/25/2019	chili powder	mccormick	289.0
2/25/2019	hot hungarian style paprika	pride of szeged	93.7
2/25/2019	organic ground cumin	mccormick gourmet	134.0
2/25/2019	ground cumin	morton & bassett	80.3
2/25/2019	chili powder	mccormick	83.2
2/25/2019	organic ground cumin	mccormick	117.0
2/25/2019	cumin	georgian dry spices	118.0
2/25/2019	turmeric powder	laxmi brand	36.9
2/25/2019	ginger powder	swad	430.0
2/25/2019	cumin powder	maya	271.0
2/25/2019	ground ginger	mccormick	582.0
2/25/2019	ground turmeric	mccormick	293.0
2/25/2019	curry powder	maya	818.0
2/25/2019	chilli powder	maya	119.0
2/25/2019	turmeric powder	maya	57.1
2/25/2019	ginger powder	shad	354.0
2/25/2019	organic curry powder	mccormick	156.0
2/26/2019	saffron	azatran	278.0
2/27/2019	dried ginger powder	golden lion	404.0
2/27/2019	b.b.q. seasoning	salma	68.8
2/27/2019	coriander ground	salma	47.7
2/27/2019	ginger ground	salma	1030.0
2/27/2019	cayenne pepper (ground red)	e&s	252.0
2/27/2019	extra fancy paprika	e&s	112.0
2/28/2019	paprika	chef s select	308.0
3/5/2019	turmeric	morton & bassett	426.0
3/5/2019	ground ginger	morton & bassett	395.0
3/6/2019	sweet paprika	freshly	467.0
3/6/2019	curry powder	lisy	264
3/6/2019	ground cumin	lisy	237
3/6/2019	ground ginger	lisy	276
3/6/2019	ground cinnamon	lisy	2390
3/6/2019	ginger powder	masala king	1060
3/6/2019	cumin seed	paras	139
3/6/2019	ginger powder	deep	411
3/6/2019	coriander cumin powder	deep	350
3/6/2019	chili powder	mccormick	197
3/6/2019	organic ground turmeric	mccormick	26.2
3/6/2019	ground turmeric	mccormick	450
3/7/2019	organic ground ginger	mccormick gourmet	221
3/7/2019	ground ginger	la flor	667.0
3/7/2019	turmeric	la flor	179.0
3/8/2019	ground cumin	mccormick	45.8
3/8/2019	curry powder	mccormick	162.0
3/8/2019	ground turmeric	mccormick	268.0
3/8/2019	ground ginger	mccormick	631.0
3/11/2019	chili powder	mccormick	245.0
3/11/2019	hot mexican style chili powder	mccormick	241.0
3/11/2019	chili powder	mccormick	148.0
3/11/2019	chili powder	mccormick	222.0
3/11/2019	ground cumin	mccormick	50.8
3/11/2019	ground ginger	mccormick	522.0
3/11/2019	curry powder	mccormick	172
3/11/2019	ground turmeric	mccormick	128
3/12/2019	ground ginger	mccormick	656
3/12/2019	ground turmeric	mccormick	445
3/13/2019	chili powder	prima	205
3/14/2019	ground turmeric	mccormick	440
3/14/2019	organic ground turmeric	mccormick	35.9
3/14/2019	turmeric	morton & basset	554
3/14/2019	turmeric	simply organic	196
3/14/2019	whole cloves	mccormick	40.6
3/14/2019	turmeric	mccormick	222
3/13/2019	curry powder	mccormick	138
3/13/2019	chili powder	mccormick	382
3/13/2019	organic ground cumin	mccormick gourmet	117
3/14/2019	indian turmeric		61.1
3/14/2019	ground cumin	casablanca	205
3/14/2019	paprika powder		563
3/13/2019	new mexican chili powder	fairway	277
3/13/2019	organic curry powder	mccormick	209
3/13/2019	turmeric powder	la fiesta	57.5
3/14/2019	azafran flor safflower	la fiesta	288
3/13/2019	ground tumeric	mccormick	381
3/13/2019	chili powder	mccormick	346
3/13/2019	ground curry powder	mccormick	218
3/13/2019	chili powder	mccormick	342
3/13/2019	ground cumin	mccormick	103
3/13/2019	ground ginger	mccormick	502
3/14/2019	ground turmeric	mccormick	247
3/14/2019	ground ginger	mccormick	690
3/14/2019	gourmet organic ground tumeric	mccormick	28.3
3/14/2019	organic ground ginger	mccormick	447
3/18/2019	organic curry powder	mccormick gourmet	121
3/18/2019	all natural spanish saffron	mccormick	121
3/18/2019	chili powder	clover valley	226
3/18/2019	organic ground tumeric	mccormick	23.7
3/18/2019	organic curry powder	mccormick	127
3/18/2019	organic chill powder	mccormick	162
3/20/2019	organic ground cumin	mccormick	150
3/20/2019	organic curry powder	mccormick	146
3/20/2019	organic chili powder	mccormick	116
3/20/2019	ground turmeric	mccormick	337
3/20/2019	ground ginger	mccormick	791
3/18/2019	cumin	mccormic	63.6
3/18/2019	organic ground cumin	mccormick	114
3/20/2019	turmeric powder	casablanca	57.0
3/21/2019	chili powder	mccormick	92.4
3/21/2019	chili powder	badia	102
3/22/2019	curry powder	mccormicks	164
3/22/2019	organic curry powder	mccormicks	156
3/25/2019	whole cloves	valley market	66.8
3/25/2019	chilli powder extra hot	swad	138
3/26/2019	somac	neptune	20.5
3/26/2019	sweet paprika	neptune	143
3/26/2019	ground turmeric	neptune	88.5
3/27/2019	ground ginger	mccormick	531
3/27/2019	ground ginger	mccormick	536
3/27/2019	curry powder	badia	245
3/27/2019	ground cumin	badia	335
3/27/2019	curry powder	mi costenita	328
3/26/2019	curry powder	badia	413
3/26/2019	jamaican curry	mimi s products	34.3
3/26/2019	ground cumin	mimi s products	927
3/26/2019	ground cumin	badia	285
3/27/2019	ground ginger	mimi s	2480
3/27/2019	chili powder	spice co	352
3/26/2019	turmeric	badia	45.8
3/28/2019	chili powder	mccormick	193
3/29/2019	whole cloves	morton & bassett	23.0
3/29/2019	ginger powder	salma	528
3/29/2019	ginger powder	salma	560
3/29/2019	ginger powder		567
3/29/2019	ground ginger	schiff food products	721
4/4/2019	fish seasoning	caribbean rhythms	102
4/4/2019	hot jerk seasoning	caribbean rhythms	128
4/8/2019	dried chili peppers	roland	71.4
4/10/2019	spiced salt	wise wife	208
4/10/2019	ground star anise	wise wife	1740
4/11/2019	five spice powder		5720
4/23/2019	ginger spice powder	pran	432
4/23/2019	curry powder	eagle spice & extract	118
4/23/2019	ginger ground		470
4/23/2019	turmeric	not applicable	55.4
4/24/2019	curry powder	indi	282
5/2/2019	dried ginger powder	product of china	894
5/2/2019	binjipai hometown flavor dried	good taste	403
5/3/2019	ginger powder	america s best	928
5/1/2019	extra hot chilli powder	america s best	144
5/3/2019	cumin powder	america s best	241
5/1/2019	garam masala powder	america s best	311
5/14/2019	coriander powder	swad	99.7
5/14/2019	coriander powder	swad	96.9
5/20/2019	ground ginger	ken s own	1030
5/20/2019	chilly powder kashmiri	deer	229
5/20/2019	jamaican curry	casablanca	89.6
5/21/2019	chili chipotle	pepito	71.9
5/21/2019	ground turmeric	mimi s	184
5/21/2019	jahshueth s jamaican curry	jamaica gold medal	126
5/28/2019	memphis style bbq	supreme tradition	96.7
5/28/2019	jamaican style hot curry powder	grace	60.2
5/29/2019	aborrotera central tequesquite	aborrotera central	2210
5/29/2019	ramirezproduce tierra santa holy	ramirez produce	4600
5/30/2019	ground cinnamon	gefen	1130
5/30/2019	black pepper	lieber s	36.1
6/4/2019	sumac	castella	455
6/5/2019	spices of the world	trader joe s	92.3
5/28/2019	mexican seasoning mix	sweet heart group	157
6/11/2019	kelewele (fried plantains)	stash foods	654
6/11/2019	amchur powder dry mango powder	keshav	359
6/11/2019	turmeric powder	keshev	58.9
6/17/2019	turmeric powder	keshau	53.6
6/17/2019	cinnamon powder	la flor	193
6/14/2019	cinnamon powder	mimi s products	4270
6/14/2019	cinnamon powder	badia	952
6/18/2019	ground cinnamon	mimi s products	3910
6/13/2019	ground cinnamon	lisy	2740
6/24/2019	curry powder	lisy	249
6/25/2019	ground turmeric	eagle spice	75.0
6/27/2019	cinnamon powder	maya	3590
6/27/2019	granulated garlic	all seasonings	none
7/1/2019	kashmiri chilli powder	swad	87.2
7/2/2019	five spice powder	premium quailty	4330
7/9/2019	dried anise	source day natural	937
7/8/2019	cumin powder	best taste swad	165
7/16/2019	sumac ground	casablanca	347
7/16/2019	star anise	salma	474
7/16/2019	turmeric powder	salma	42.8
7/16/2019	ground cumin	casablanca	181
7/16/2019	ground cumin	mill farm	223
7/25/2019	five spice powder	oriental mascot	1820
7/25/2019	five spice powder	frontier co-op	69.5
7/25/2019	ground cinnamon	mimi s products	2980
7/29/2019	mixed spice	jamaican choice	669
7/29/2019	turmeric powder	suiginari	593
7/30/2019	chicken seasoning	spice supreme	68.6
7/31/2019	pyramide powder	golden owl	188
8/5/2019	turmeric powder	zara foods	24.7
8/6/2019	coriander powder	zara foods	109
8/5/2019	chili powder	eagle spice	210
8/7/2019	ginger powder	angel brand	570
8/7/2019	pimento ground	angel brand	297
8/7/2019	paprika	angel brand	382
8/8/2019	chili powder	mimi  s	462
8/8/2019	ground cumin	mimi  s	421
8/12/2019	coriander powder	paras	136
8/12/2019	cumin powder	glam day	1340
8/14/2019	turmeric	tradiciones andinas	86.1
8/14/2019	curry powder	three rivers	131
8/14/2019	cumin powder	three rivers	638
8/14/2019	turmeric powder	tree rivers	69.7
8/14/2019	paprika	three rivers	249
8/14/2019	malay chicken biryani spice mix	tooba	295
8/15/2019	red curry powder	asian boy	281
8/27/2019	ground cinnamon	gabriel s supermarket	36.5
8/27/2019	ground cumin	gabriel s supermarket	75.6
8/5/2019	ground cumin	spice supreme	189
8/28/2019	savory	a.a. borsari	24.2
8/28/2019	turmeric	la flor	33.6
9/3/2019	five spice powder	crown brand	1730
9/3/2019	dried star anise	golden cock brand	169
9/3/2019	dried cumin powder	peony mark	1800
9/3/2019	dried cortex cinnamomi powder	star seasonings	2610
9/3/2019	dried liquorice root powder	peony mark	148
9/11/2019	chili powder extra hot	maya	71.7
9/11/2019	mace powder	laxmi brand	301
9/12/2019	chinese five spice	morton & bassett san	274
9/12/2019	turmeric powder	swad	38.7
9/12/2019	turmeric powder	laxmi brand	31.3
9/12/2019	turmeric powder	aara bas khaye	23.9
9/12/2019	garam masala powder	swad	459
9/12/2019	garam masala powder	deer	367
9/12/2019	garam masala powder	laxmi brand	315
9/12/2019	madras curry powder	swad	330
9/12/2019	desi curry powder (salan masala	desi	307
9/19/2019	ground allspice	badia	81.3
9/25/2019	cilantro	la flor	86.8
9/25/2019	tumeric	simply organic	219
9/25/2019	cumin	spice hunter	111
9/26/2019	bay leaves	marcum	470
10/7/2019	pumpkin pie spice	trader joe s	788
10/7/2019	ground nutmeg	trader joe s	27.2
10/7/2019	ground cinnamon	trader joe s	1010
10/7/2019	curry powder	chief	51.9
10/21/2019	red chilli powder	laxmi brand	264
10/21/2019	white pepper powder	patel s	43.3
10/21/2019	jamaican curry powder	exotica	79.8
10/21/2019	ground saigon cinnamon	kirkland	521
10/21/2019	ground turmeric	kirkland	737
10/23/2019	five spice powder	crown brand	1820
10/23/2019	ground cinnamon	mimi s products	2070
10/7/2019	ground cinnamon	mimi s	1530
10/23/2019	spice powder	crown brand	4550
10/24/2019	turmeric	abido	46.5
10/30/2019	paprika	chestnut hill	124
11/5/2019	radhuni		95.1
11/6/2019	ground cloves	masala king	358
11/13/2019	ground turmeric	the fresh market	184
11/15/2019	ground cinnamon	trader joe s	1040
11/15/2019	ground cinnamon	trader joe s	1220
1/8/2020	rico ground cinnamon	rico ground	30.1
1/8/2020	rico nutmeg	rico nutmeg	147
1/8/2020	korintji cinnamon	dawn distributors	90.8
1/8/2020	poultry seasoning	marcum	1260
1/8/2020	chili powder	marcum	129
1/10/2020	turmeric powder	deer	131
1/13/2020	five spice	sun luck	143
1/15/2020	turmeric powder	keshav	47.7
1/22/2020	turmeric	badia	346
1/27/2020	pumpkin pie spice	stonemill	244
1/27/2020	lemon pepper	stonemill	26.8
1/30/2020	lemon pepper seasoning	stonemill	28.5
2/4/2020	ground cumin	spice time	230
2/4/2020	ground cinnamon	mimi s products	2300
2/5/2020	hot red pepper	all peoples food	592
2/5/2020	five spice powder	oriental mascot	1040
2/5/2020	dry garlic chutney	swad	341
2/5/2020	turmeric saffron powder	chief brand products	77.4
2/5/2020	turmeric saffron powder	chief brand products	65.0
2/7/2020	turmeric power	yu yee	133
2/7/2020	turmeric power	bot nghe	729
2/7/2020	five spice powder	yu yee brand	3500
2/7/2020	five spice powder	unknown	3250
2/11/2020	spice powder	golden cock	2530
2/11/2020	five spices powder	b	3240
2/11/2020	dried ginger powder	b	561
2/11/2020	pepper powder	b	277
2/19/2020	cinnamon powder	swad	1700
2/19/2020	cumin powder	shan	153
2/19/2020	turmeric power	turmeric	38.0
2/19/2020	natural turmeric ground	three rivers	368
2/19/2020	turmeric powder	laxmi brand	39.1
2/19/2020	cumin powder	swad	224
2/24/2020	ground ginger	eagle spice	791
2/24/2020	ground turmeric	eagle spice	72.8
2/24/2020	dried ginger powder	xinningwan	435
2/24/2020	dried aniseed	guangxi cangwu	472
2/24/2020	curry powder	sujala	96.4
2/24/2020	curry powder	aara	2110
2/26/2020	cinnamon ground	365 everyday value	29.2
3/5/2020	red pepper powder	assi brand	166
3/9/2020	robust coffee seasoning	marcum	30.6
3/9/2020	steak n chop seasoning	marcum	51.2
3/9/2020	poultry seasoning	marcum	1860
3/9/2020	chicken seasoning	marcum	54.9
3/6/2020	x-tra hot chilli powder	spice class	157
2/26/2020	ground cumin	abarrotes del sur llc	635.0
3/12/2020	galanga powder	dragonfly	14500.0
3/12/2020	ground cumin	masala king	103.0
3/24/2020	turmeric	fresh finds	47.6
3/25/2020	ground cinnamon	mimi s products	1210.0
4/27/2020	ground cinnamon	mimi s products	2600.0
5/5/2020	five spice powder	wu hsing	117.0
5/5/2020	five spice powder	oriental mascot	988.0
5/13/2020	madras curry powder	lalah s	230.0
5/13/2020	jamaica curry powder	real jamaica	406.0
5/14/2020	poultry seasoning southern blend	badia	140.0
5/18/2020	turmeric powder	litaly	238.0
5/18/2020	clasico seasoning with lemon	tajin	none found
5/19/2020	ground cumin	garden gate's	1410
5/18/2020	turmeric powder	swad	55.9
5/18/2020	cumin powder	swad	177
5/19/2020	chili powder	spice classics	281
5/20/2020	ground cumin	abarrotera central	573
5/20/2020	ground clove	abarrotera central	917
5/20/2020	ground pepper	abarrotera central	355
5/21/2020	jamaican curry	mimi s	191
5/21/2020	dried chili	junhu	175
5/28/2020	khebab seasoning	nayass	333
5/28/2020	kebab powder	suya kebab seasoning	337
5/26/2020	ground cinnamon	pepito	5390.0
5/26/2020	ground cumin	pepito	427.0
5/28/2020	turmeric powder	willis ocean inc.	2330.0
5/28/2020	five spice powder	willis ocean inc.	545.0
6/1/2020	ground cumin	stop & shop	166.0
6/2/2020	turmeric powder	bp gold	34.1
6/2/2020	ground chili arbol	pepito	139.0
6/2/2020	ground ginger	delicioso	841.0
5/29/2020	ground (cayenne) red pepper	chestnut hill	120.0
6/3/2020	ground cumin	pepino	250.0
6/3/2020	ground oregano	pepino	2810.0
6/3/2020	ground curry	pepito	535
6/9/2020	ground cinnamon	big win	599
6/11/2020	ground cumin	nicomex	857
6/11/2020	ground cinnamon	nicomex	2190
6/11/2020	ground oregano	nicomex	2600
6/11/2020	oriental curry powder	s & b	66.3
6/11/2020	oriental hot mustard	s & b	none found
6/11/2020	hot mustard powder	essential	none found
6/15/2020	ras el hanout	spices and tease	129
6/10/2020	javetri powder (mace)	rose brand	1730
6/15/2020	meat seasoning	easispice	55.9
6/15/2020	ground ginger	neptune	411
6/15/2020	ground turmeric	neptune	69.0
6/18/2020	classico seasoning	tajin	33.1
6/23/2020	crushed red pepper	good & gather	20.6
7/1/2020	hot hungarian style paprika	pride of szeged	285
7/6/2020	oregano	colonial	120
7/3/2020	taco seasoning	supreme tradition	83.8
7/9/2020	five spice powder	fook	3970
7/9/2020	turmeric powder	radhuni	370
7/9/2020	chilli powder	radhuni	171
7/16/2020	red pepper powder	wang korea	58.6
7/20/2020	chile molido	la frontera	256
7/23/2020	paprika	badia	300
7/30/2020	chilli powder ex-hot	nature s best	112.0
8/5/2020	hot chilli pepper	casablanca	101.0
8/5/2020	chile piquin molido	dona sofia	125.0
8/5/2020	khebab barbecue powder hot	suya	392.0
8/12/2020	jamaican curry powder	blue mountain country	136.0
8/19/2020	turmeric powder	m  ok ho	117.0
8/20/2020	galangal powder	asian boy	3370.0
8/20/2020	pyramide powder	golden owl	169.0
8/24/2020	kunna	shan	150.0
8/24/2020	nihari	shan	134.0
8/24/2020	aaloo bhaji	shan	116.0
8/24/2020	lahori charga	shan	169
8/24/2020	meat tenderizer	shan	35.0
8/24/2020	chicken tandoori	national	101
8/24/2020	shami kabab	shan	258
8/24/2020	sausage spice	abiding	946
8/25/2020	cumin powder	laxmi brand	312
9/3/2020	maple bbq rub	mccormick grill mates	69.9
9/9/2020	white pepper	golden owl	33.5
9/9/2020	turmeric powder	peacock	207
9/9/2020	coriander powder	keshav	122
9/9/2020	turmeric powder	pran	215
9/9/2020	black pepper salt	golden owl	none
9/10/2020	sumac	sahadi	761
9/14/2020	ground turmeric	mimi s products	52.7
8/26/2020	spicy curry powder	spice islands	74.2
9/9/2020	turmeric powder	asian boy	572
9/28/2020	saffron rice seasoning	my town marketplace	51.8
10/2/2020	nanami togarashi	s & b	108
10/5/2020	five spice powder	red lantern	2770
10/7/2020	aji-no-moto (msg)	constanzera	none found
10/6/2020	oregano	product is casero	249
10/8/2020	paprika	la flor	305
10/8/2020	dried five spice powder	golden lion	1870
10/8/2020	five spice powder	red lantern	3310
10/13/2020	ground cumin	la frontera	6660.0
10/14/2020	roasted white sesame seed	j-basket	11.3
10/13/2020	oxtail seasoning	grace caribbean	190.0
10/13/2020	mild taco seasoning mix	mc cormick	171.0
10/15/2020	five spice powder	dragon	681.0
10/15/2020	dried spice powder	dragon	5880.0
10/15/2020	dried spice powder	dragon	18.2
10/19/2020	ground cinnamon	mimi s products	539.0
10/21/2020	salt free garlic and herb	gel flavormate	70.0
10/20/2020	curry powder	three rivers	268.0
10/20/2020	red chilli powder	three rivers	120.0
10/21/2020	cumin powder	laxmi	262
10/21/2020	panchpuran powder	eng	99.4
10/27/2020	black cardamom	deer	132
10/27/2020	green cardamom	deer	111
10/27/2020	coriander	arikon pro	78.2
10/29/2020	organic sesame seed	mccormick	none
11/4/2020	paprika	no brand name	281
11/12/2020	dried chili powder	dried pepper	820
11/16/2020	dried cinnamon powder	pfp corp.	975
11/23/2020	chili powder ex-hot	maha	94.7
11/23/2020	chili powder	maha	110
11/23/2020	curry powder	laxmi brand	70.2
11/27/2020	curry powder	chief	159
11/30/2020	turmeric powder	rajbhog foods	28.9
11/30/2020	kashmiri chilli powder	rajbhog foods	115
12/1/2020	turmeric powder	chief	168
12/2/2020	suya powder (khebab powder)	madam jas	201
12/8/2020	turmeric powder	maya	301
12/8/2020	chilli powder	maya	140
12/9/2020	ground barberry	spice	1540
12/21/2020	lebanon zaatar (spice blend)	salloum bros	1370
12/18/2020	five spice powder	five spice powder	134
1/5/2021	dried pepper powder	golden lion	3140
1/5/2021	dried star aniseed		167
1/5/2021	dried chili	golden lion	224
1/13/2021	paprika	marcum	346
1/13/2021	red chilli powder	laxmi brand	110
1/13/2021	cumin powder	swad	252
1/15/2021	ground black pepper	bogopa	19.3
1/15/2021	ground cumin	bogopa	669
1/15/2021	cinnamon ground	bogopa	1330
1/15/2021	crushed red pepper	bogopa	33.7
1/15/2021	turmeric ground	bogopa	181
1/15/2021	paprika	bogopa	444
1/15/2021	ground oregano	bogopa	3220
1/15/2021	ground oregano	bogopa	3700
1/15/2021	ground oregano	bogopa	809
1/19/2021	oregano leaves	bogopa	249
1/21/2021	curry powder	casablanca	76.4
1/21/2021	cinnamon powder	salma	1770
1/21/2021	ginger powder	casablanca	709
1/21/2021	ground cumin	casablanca	196
1/26/2021	galanga powder	cock brand	8440
1/26/2021	cinnamon powder	cock brand	99.6
1/27/2021	jamaican curry	salma	56.4
1/27/2021	fish seasoning	salma	55.5
1/27/2021	cajun seasoning	salma	51.0
1/27/2021	fish seasoning	casablanca	46.7
1/27/2021	steak seasoning	casablanca	14.2
1/27/2021	jerk seasoning	casablanca	35.4
1/27/2021	ox-tail seasoning	casablanca	46.4
1/27/2021	lemon pepper	casablanca	63.6
1/27/2021	adobo con pimienta	casablanca	26.4
1/26/2021	kaun potash		1740
2/8/2021	adobo con saxon	la flor	59.2
2/10/2021	shab	alreef iraqi spices	309
2/17/2021	cumin powder	lucky foods	79.9
2/17/2021	coriander powder	lucky foods	98.3
2/22/2021	coriander powder	willis eagle	89.0
2/24/2021	five spice powder	all way shop	1950
2/25/2021	curry powder	trying food	586
2/26/2021	bouillon saveur epices spices	asia	none
2/23/2021	whole oregano	lisy	216
3/1/2021	neptune sweet paprika	ground pepper	213
3/1/2021	neptune ground cumin	ground cumin	105
3/15/2021	roasted sesame seeds	assi	26.8
3/17/2021	kimchi red pepper powder	choripding	62.3
3/12/2021	bhut jolokia	alamo peppers	619
3/22/2021	triguisar	suave	61.6
3/19/2021	turmeric powder	three rivers	250
3/24/2021	cinnamon ground	la flor	886
3/29/2021	semilla molida ground seed	gromex	98.0
3/29/2021	kaun potash	best african	773
3/30/2021	chicken seasoning	salma	61.3
3/30/2021	ground coriander	casablanca	65.1
3/30/2021	ground nutmeg	casablanca	27.0
3/30/2021	salma cinnamon powder	ground cinnamon	992
3/30/2021	salma cinnamon powder	ground cinnamon	97.5
3/30/2021	casablanca ground cumin	ground cumin	300
3/30/2021	casablanca ground all spice	ground all spice	661
4/2/2021	oregano leaves	bogopa	257
4/2/2021	oregano leaves	bogopa	218.0
4/2/2021	oregano leaves	bogopa	209.0
4/6/2021	spice riti	garam masala	202.0
4/12/2021	ground cumin	eagle spice	508.0
4/12/2021	curry powder	eagle spice	191.0
4/13/2021	nine spices	alreef	243.0
4/13/2021	sumac ground	alreef	641.0
4/13/2021	seven spices	sham gardens	292.0
4/13/2021	turmeric powder	nuts fancy	641.0
4/14/2021	chili powder	eagle spice & extract	114.0
4/14/2021	roasted curry powder	wijaya	38.3
4/19/2021	jamaican style curry powder	eagle spice & extract	201.0
4/20/2021	curry powder - jamaican style	badia	259
4/19/2021	pumpkin spice	mimis	1200
4/30/2021	dried chili	ground chili pepper	181
5/5/2021	kaun/potash	best african	725
5/7/2021	dried five spice powder	golden lion	2930
5/7/2021	dried white pepper powder	golden lion	99.2
5/13/2021	premium seven spice blend	ziyad brand	312
5/20/2021	powdered oregano	soy dominicano	238
5/24/2021	neptune grilled chicken seasoning	chicken seasoning	140
5/24/2021	neptune hawaii seasoning mix for	seasoning mix	98.9
5/25/2021	turmeric powder	keshav	22.8
5/12/2021	egusi grounded	madame jas	128
5/25/2021	chilli powder ex-hot	america s best	97.2
5/25/2021	turmeric (haldi) powder	america s best	21.9
5/25/2021	organic turmeric powder	three rivers	389
6/2/2021	turmeric powder	botany	155
6/10/2021	red pepper	mafia vostoka	300
6/10/2021	pepper black ground	magia  vostoka	59.6
6/14/2021	dried tumeric root	feel good organic	26.9
6/15/2021	maras pepper	botany	130
6/16/2021	ground turmeric	ranje fwaye	37.1
6/18/2021	turmeric powder	three golden coins	139
6/23/2021	golden lion dried chili	dried chili	292
6/28/2021	garam masala powder (mix cumin	america s best vep	538
6/28/2021	cumin seed powder	national	158
6/28/2021	cumin powder	america s best vep	279
7/6/2021	red curry paste	thai kitchen	54.5
7/15/2021	organic turmeric root	frontier co-op	222
7/19/2021	mango pickle spice	alreef	88.6
7/15/2021	turmeric powder	kim tu thap	131
7/21/2021	ground black pepper	venetian gold	32.1
7/28/2021	chili powder	marcum	182
7/30/2021	creole seasoning	great value	190
8/4/2021	sumac ground	sirob imports	340
8/4/2021	cayenne pepper	sirob imports	105
8/17/2021	ground cinnamon	tops	41.2
8/17/2021	rubbed sage	mccormick	375
8/17/2021	thyme leaves	full circle	759
8/17/2021	whole oregano	spice classics	279
8/17/2021	chili powder	badia	141
8/18/2021	cinnamon ground  saigon	uncle giuseppes	589
8/18/2021	chili powder (grand dark)	uncle giuseppes	222
8/18/2021	celery seeds whole	uncle giuseppes	235
8/18/2021	ginger ground	uncle giuseppes	646
8/18/2021	oregano (greek)	uncle giuseppes	298
8/18/2021	bay leaves whole	the fresh market	398
8/18/2021	celery seeds whole	the fresh market	319
8/18/2021	sage whole	the fresh market	650
8/18/2021	thyme cut & sift	the fresh market	690
8/18/2021	turmeric ground	the fresh market	105
8/18/2021	bay leaves	spice supreme	171
8/18/2021	ground cinnamon	spice supreme	38.4
8/18/2021	ground sage	spice supreme	888
8/18/2021	ground ginger	spice supreme	1360
8/18/2021	oregano leaves	spice supreme	220
8/18/2021	curcuma longa (tumeric)	herbal doctor	1130
8/20/2021	clasico seasoning	takin	24.6
8/23/2021	curry powder	chief	43.7
8/24/2021	celery seeds	la flora	451.0
8/24/2021	ground cumin	salma	198.0
8/24/2021	bay leaves	salma	229.0
8/24/2021	ground oregano	la flor	909.0
8/24/2021	turmeric powder	salma	69.7
8/24/2021	sage	la flor	868.0
8/24/2021	thyme	la flor	801.0
8/24/2021	ginger powder	laxmi	755.0
8/24/2021	cinnamon powder	moya	1350.0
8/24/2021	chili powder	deshi	144.0
8/24/2021	celery seed	frontier co-op	262.0
8/24/2021	organic sage	365 whole foods	349.0
8/24/2021	organic chili powder blend	365 whole foods	130
8/24/2021	bay leaves	365 whole foods	238
8/24/2021	ground turmeric	365 whole foods	483
8/24/2021	thyme	365 whole foods	1300
8/24/2021	oregano	365 whole foods	288
8/24/2021	cardamom ground	365 whole foods	380
8/24/2021	ground cinnamon	365 whole foods	21.3
8/24/2021	ground ginger	365 whole foods	595
8/24/2021	turmeric powder	radhuni	289
8/24/2021	extra hot chilli powder	a taste of the east	103
8/24/2021	chilli powder	radhuni	246
8/24/2021	turmeric powder	a taste of the east	83.9
8/24/2021	cinnamon powder	egn	2340.0
8/24/2021	chilli powder	radhuni	107.0
8/24/2021	bay leaf	egn	714.0
8/24/2021	salvia-sage	black toucan	1750.0
8/24/2021	oregano	nativo	346.0
8/24/2021	louro folha (bay leaves)	nativo	479.0
8/24/2021	powdered cinnamon	kisabor	581.0
8/24/2021	oregano	kisabor	353.0
8/24/2021	canelo po (cinnamon)	native	2380.0
8/24/2021	oregano leaves	encore premium	364.0
8/26/2021	chili powder	angel brand	446.0
8/27/2021	pure fancy paprika	eagle spice	378
8/30/2021	chili powder	badia	108
8/30/2021	organic sage	full circle	371
8/30/2021	organic ground ginger	mccormick	602
8/30/2021	celery seed	morton & bassett	315
8/30/2021	organic oregano	mccormick & co inc	289
8/30/2021	cinnamon powder	badia	458
8/30/2021	organic turmeric	full circle	396
8/30/2021	ground cinnamon	morton & bassett	135
8/30/2021	bay leaves	mccormick	119
8/30/2021	thyme leaves	badia	409
9/1/2021	curry powder	chief	47.2
9/7/2021	turkish bay leaves	marhaba	200
9/7/2021	dried thyme	marhaba	536
9/7/2021	dalmation rubbed sage	marhaba	373
9/7/2021	ginger root powder	marhaba	415
9/7/2021	ceylon cinnamon powder	marhaba	1190
9/7/2021	alleppey turmeric powder	marhaba	469
9/7/2021	ground celery seed	marhaba	342
9/7/2021	mediterranean oregano	marhaba	224
9/7/2021	roasted cumin powder	marhaba	112
9/7/2021	indian red chili powder	marhaba	131
9/7/2021	turmeric	bedessee	57.2
9/7/2021	cumin	bogopa	360.0
9/7/2021	garlic powder	scotch bonnet	3510.0
9/7/2021	chili powder	spice supreme	138.0
9/7/2021	granulated garlic	la flor	26.5
9/7/2021	blue mountain county oxtail	oxtail seasoning	202.0
9/7/2021	marque guyanese pride ground	ground cumin	234.0
9/7/2021	scotch bonnet jerk seasoning	jerk seasoning	1580.0
9/7/2021	la flor ground cinnamon	ground cinnamon	531.0
9/7/2021	jc turmeric powder	turmeric powder	44.9
9/14/2021	chili powder	stone mill	111.0
9/14/2021	bay leaves	fairway	322.0
9/14/2021	sage	fairway	681.0
9/14/2021	ground cinnamon	fairway	1140
9/14/2021	thyme	fairway	551
9/14/2021	ground ginger	fairway	201
9/14/2021	celery seed	fairway	264
9/14/2021	oregano	fairway	393
9/14/2021	chili powder	fairway	821
9/14/2021	turmeric	fairway	120
9/14/2021	ground nutmeg	fairway	270
9/14/2021	paprika	bogopa	268
9/14/2021	turmeric powder	salma	67.9
9/14/2021	ground cumin	salma	201
9/14/2021	tilo (linden flower)	salma	128
9/14/2021	flor de manzanilla (chamomile	orale	547
9/14/2021	ground cinnamon	abarrotera center	1760
9/14/2021	thyme	abarrotera center	1040
9/14/2021	bay leaf	abarrotera central	171
9/14/2021	ground oregano	abarrotera center	2240
9/14/2021	chili	abarrotera center	309
9/17/2021	khebab powder	natasha	311
9/17/2021	powdered pepper	emma foods	1200
9/17/2021	chilli hot pepper	best african	355
9/21/2021	round cinnamon sticks	swad	48.3
9/21/2021	chilli crushed	swad	16.2
9/21/2021	paprika	swad	634
9/21/2021	tumeric	swad	39.1
9/21/2021	turmeric	botany	46.7
9/21/2021	sumac	botany	547
9/21/2021	maras pepper	botany	442
9/21/2021	chili powder	badia	86.7
9/21/2021	oregano	badia	507
9/21/2021	turmeric	badia	62.6
9/21/2021	ground sage	the nutmeg spice co.	348
9/21/2021	ground turmeric	finest brand	36.2
9/22/2021	cinnamon bark powder	all way shop	1600
9/21/2021	chilli powder	wise wife	142
9/21/2021	dried chilli	junhu	101
9/21/2021	cinnamon powder	red diamond	2400
9/21/2021	kim tu thap turmeric powder	trong food	133
9/21/2021	dried cinnamon bark	east dragon	2160
9/21/2021	chili powder	fuying	253
9/21/2021	ginger powder	unknown	99.5
9/21/2021	bay leaves	shop rite	220
9/21/2021	bay leaves	shop rite	169
9/21/2021	bay leaves	shop rite	326
9/21/2021	bay leaves	goodness gardens	29.2
9/23/2021	turmeric	spice island	94.9
9/23/2021	chili power	organics	668
9/21/2021	bay leaves	shop rite	30.5
9/28/2021	cumin powder	red dismond	1110
9/28/2021	turmeric powder (actually ginger	red dismond	530
9/28/2021	canela entera - cinnamon	nicomex	319
9/28/2021	chile molido - ground hot chilli	nicomex	123
9/28/2021	oregano molido- ground oregano	el tio	3240
9/28/2021	oregano leaves	spice supreme	239
9/28/2021	parsley flakes	la flor	277
9/28/2021	ground cinnamon	la flor	662
9/28/2021	sage ground	lincoln market	946
9/28/2021	thyme ground	lincoln market	493
9/28/2021	chilli powder	spice supreme	108
9/28/2021	coriander ground	salma	321
9/28/2021	turmeric powder	chief brand	59.1
9/28/2021	jamaican hot curry powder	jamaican choice	296
9/28/2021	lemon pepper	caribbean blue island	54.7
9/28/2021	ground tumeric	eagle spice	41.6
9/28/2021	ground ginger	eagle spice	731
9/28/2021	ground cinnamon	eagle spice	293
9/28/2021	thyme leaf	eagle spice	674
9/30/2021	oregano leaf	eagle spice	147
9/30/2021	ground thyme leaf	guyana kitchen	317
9/30/2021	ground turmeric	the best natural food	32.1
10/4/2021	indian curry powder classic blend	india tree	139.0
10/4/2021	cumin seed powder	three rivers	131.0
10/5/2021	oregano leaves	supreme tradition	316.0
10/5/2021	ground cinnamon	supreme tradition	2630.0
10/5/2021	chili powder	supreme tradition	144.0
10/5/2021	basil leaves	supreme tradition	349.0
10/5/2021	thyme leaves	colonna	537.0
10/5/2021	oregano	la centro americana	1080.0
10/5/2021	bay leaves	la centro americana	580.0
10/5/2021	bay leaves	mexican flavors	313.0
10/5/2021	ground chili pepper	abattoirs del sir loc	121.0
10/5/2021	bay leaf	aborrotes del sir loc	150
10/5/2021	oregano	clover valley	274
10/5/2021	cinnamon sugar	clover valley	38.3
10/5/2021	chili powder	clover valley	377
10/5/2021	thyme	spice supreme	478
10/5/2021	oregano leaves	clover valley	319
10/5/2021	ground cumin	clover valley	206
10/5/2021	chili powder	clover valley	131
10/5/2021	ground cinnamon	mccormick	98.7
10/5/2021	parsley flakes	clover valley	474
10/5/2021	ground cinnamon	la centric americana	3010
10/13/2021	turmeric powder	asli	219
10/12/2021	salma natural bay leaves	bay leaves	447.0
10/12/2021	salma natural turmeric powder	turmeric powder	86.5
10/12/2021	morton & bassett turmeric powder	turmeric powder	321.0
10/12/2021	simply organic bay leaf	bay leaf	230.0
10/12/2021	golden lion turmeric powder	turmeric powder	663.0
10/12/2021	panax notoginseng	herbal doctor	509.0
10/12/2021	salma natural hot red pepper	hot red pepper	84.5
10/12/2021	salma natural curry powder	curry powder	164.0
10/12/2021	salma natural hot red pepper	hot red pepper	86.2
10/12/2021	salma natural curry powder	curry powder	162.0
10/28/2021	union market chinese five spice	chinese five spice	301.0
11/1/2021	tumeric ground	365 whole foods	443.0
11/1/2021	tumeric ground	365 whole foods	425.0
11/1/2021	tumeric	simply organic	195.0
11/1/2021	tumeric	simply organic	196.0
11/1/2021	tumeric	citarella	112.0
11/1/2021	tumeric	morton & bassett	305.0
11/1/2021	tumeric	simply organic	203.0
11/1/2021	organic turmeric	365 everyday value	200.0
11/1/2021	organic turmeric	fairway	153.0
11/1/2021	turmeric	la flor	668.0
11/1/2021	turmeric	badia	1110.0
11/1/2021	ground turmeric	mccormick	716.0
11/1/2021	ground tumeric	mimi s	79.3
11/1/2021	organic ground turmeric	badia	157
11/1/2021	turmeric powder	eagle spice	34.0
11/1/2021	tumeric	la flor	827
11/1/2021	ground tumeric	mimis products	79.0
11/1/2021	tumeric powder	tumeric powder	225
11/1/2021	tumeric powder	heavens	44.3
11/15/2021	turmeric powder	keshav	25.8
11/15/2021	turmeric powder	keshav	30.5
11/15/2021	turmeric powder	shwe kein-na-yi	777
11/15/2021	turmeric powder	radhuni	162
11/15/2021	turmeric powder	tl boncon voi corp	126
11/15/2021	ground turmeric	mccormick	307
11/15/2021	organic ground turmeric	mccormick gourmet	66.3
11/15/2021	turmeric powder	patel brothers	36.9
11/15/2021	turmeric powder	best taste in town	26.5
11/15/2021	turmeric powder	deep premium spices	153
11/15/2021	ground turmeric	mccormick	521
11/15/2021	ground turmeric	dion	108
11/15/2021	ground turmeric	p&c fresh	275
11/15/2021	ground turmeric	wild harvest	190
11/15/2021	salma natural curry powder	curry powder	151
11/15/2021	casablanca natural spice jamaican	curry powder	72.8
11/15/2021	turmeric	morton & bassett	453.0
11/15/2021	organic ground turmeric	mccormick	57.0
11/15/2021	ground turmeric	mccormick	333.0
11/15/2021	organic turmeric	full circle market	110.0
11/15/2021	turmeric powder	laxmi	20.5
11/15/2021	turmeric powder	keshav	31.1
11/16/2021	ground cinnamon	chestnut hill	4670.0
11/24/2021	oregano	nativo	1080.0
11/29/2021	chili powder	supreme tradition	159.0
11/29/2021	ground paprika	supreme tradition	199.0
11/30/2021	ground cinnamon	spice supreme	809.0
11/24/2021	chilli powder	radhuni	65.1
11/24/2021	corriander	hoque	92.1
11/24/2021	curry powder	chef s quality	321
12/1/2021	curry powder	salma	153
12/1/2021	chili powder	la flor	286
12/1/2021	jamaican curry powder	la flor	355
12/2/2021	chili powder	badia	144
11/23/2021	marrakech natural spices cinnamon	cinnamon powder	1940
12/6/2021	ground cinnamon	mccormick	80.5
12/6/2021	organic ground saigon cinnamon	mccormick	209
12/6/2021	ground cinnamon	morton & bassett	135
12/6/2021	cinnamon	simply organic	539
12/6/2021	ground cinnamon	pics	104
12/6/2021	organic ground cinnamon	trader joe s	793
12/6/2021	100% organic cinnamon sticks	morton & bassett	17.6
12/6/2021	100% organic ground cinnamon	morton & bassett	110
12/6/2021	organic ground cinnamon	the fresh market	537
12/6/2021	cinnamon sticks	the fresh market	316
12/6/2021	organic ground cinnamon	365 whole foods	21.1
12/6/2021	organic vietnamese ground	365 whole foods	614
12/6/2021	100% organic ground cinnamon	morton & bassett	111
12/6/2021	organic cinnamon (ka grade	frontier co-op	24.7
12/6/2021	cinnamon (ground)	simply organic	656
12/2/2021	ground cinnamon	mccormick	71.7
12/6/2021	ceylon cinnamon	simply organic	711
12/6/2021	cinnamon powder	badia	898
12/6/2021	highland harvested saigon	the spice hunter	146
12/6/2021	cinnamon	public goods	298
12/13/2021	organic ground cinnamon	great value	4490.0
12/13/2021	ground cinnamon	mccormick	66.1
12/13/2021	ground cinnamon	great value	509
12/13/2021	organic ground cinnamon	full circle market	583
12/13/2021	vietnamese cinnamon	simply organic	362
12/13/2021	ground cinnamon	supreme tradition	2930
12/13/2021	ground cinnamon	pics	108
12/13/2021	ground cinnamon	mccormmick	138
12/13/2021	ground connamon	morton & bassett	127
12/13/2021	ground cinnamon	spice supreme	659
12/13/2021	white pepper powder	unknown	20.8
12/13/2021	ground cinnamon	supreme tradition	2750
12/17/2021	kawu kawu/potash	flobico	1340
4/25/2022	dill weed	morton & bassett san	31.7
4/25/2022	dill weed	morton & bassett san	36.6
4/25/2022	dill weed	simply organic	329.0
1/3/2022	cinnamon stick	mccormick	19.1
1/3/2022	cinnamon stick	mccormick	none
1/3/2022	ground cinnamon	mccormick	61.9
1/3/2022	ground cinnamon	mccormick	118
1/3/2022	ground cinnamon	pereg	2550
1/3/2022	highland harvested saigon	the spice hunter	214
1/3/2022	cinnamon	simply organic	651
1/3/2022	ceylon cinnamon	simply organic	615
1/3/2022	ceylon cinnamon powder (cert.	frontier co-op	672
1/3/2022	ground cinnamon	mccormick	82.8
1/3/2022	cinnamon powder	badia	944
1/3/2022	cinnamon powder	laxmi	4540
1/3/2022	cinnamon powder	south bay brand	123
1/3/2022	cinnamon flavor powder	oriental mascot	1420
1/3/2022	cinnamon stick - canela estera	mimi s products	28.2
1/3/2022	cinnamon stick - canela en rama	badia	none
1/3/2022	ground cinnamon - canela molida	mi costenita	1740
1/3/2022	cinnamon sticks	el chilar	451
1/3/2022	ground cinnamon	spice classics	71.9
1/10/2022	jamaican choice curry powder	curry powder	41.5
1/10/2022	ground cinnamon	mimi products	1770
1/10/2022	ground cinnamon	la flor	556
1/10/2022	cinnamon sticks	la flor	62.0
1/10/2022	ground cinnamon	mimi s product	4930
1/10/2022	ground cinnamon	krasdale	768
1/10/2022	cinnamon powder	salma	675
1/10/2022	cinnamon powder	badia	1240
1/10/2022	dried cinnamon stick	golden lion	3740
1/10/2022	dried cinnamon stick	la flor	38.0
1/10/2022	cinnamon ground	la flor	521
1/10/2022	cinnamon ground	farma	1870
1/10/2022	cinnamon powder	casa blanca	669
1/10/2022	ground cinnamon	la flor	639
1/10/2022	cinnamon sticks	badia	30.0
1/10/2022	ground cinnamon	mccormick	16.7
1/10/2022	ground cinnamon	spice classics	69.7
1/10/2022	whole cinnamon	canela entera	35.9
1/11/2022	turmeric powder	shan	33.4
1/11/2022	curry powder	shan	117
1/11/2022	curry powder	shan	109
1/11/2022	turmeric powder	shan	34.3
1/18/2022	thyme leaves	colonna	745
1/24/2022	ground cinnamon	spice classics	66.9
1/24/2022	organic cinnamon powder	badia	417
1/24/2022	ground cinnamon	mccormick	98.5
1/24/2022	ground cinnamon	tops	41.6
1/24/2022	ground cinnamon	clover valley	34.0
1/24/2022	ground cinnamon	mccormick	77.3
1/24/2022	ground cinnamon	mccormick	115
1/24/2022	cinnamon powder	badia	927
1/24/2022	ground cinnamon	clover valley	615
1/24/2022	ground cinnamon	mccormick	96.8
1/28/2022	cinnamon powder	rose brand	4370
1/28/2022	cinnamon powder	hoque	6830
1/28/2022	ground cinnamon	supreme tradition	2230
1/28/2022	naturally pure cinnamon ground	spice time	435
1/28/2022	pure ground cinnamon	spice supreme	582
1/31/2022	ground cinnamon	supreme tradition	2730
1/31/2022	cinnamon powder	a taste of the east	2730
1/31/2022	organic ground cinnamon	olde thompson	773
1/31/2022	organic ground saigon cinnamon	olde thompson	430
1/31/2022	pure ground cinnamon	spice supreme	317
1/31/2022	turmeric powder	a taste of the east	218
1/31/2022	curry powder	a taste of the east	228
1/31/2022	cinnamon powder	salma	683
1/31/2022	cinnamon powder	badia	925
1/31/2022	cinnamon sticks	egn	2080
1/31/2022	cinnamon powder	hoque	1770
1/31/2022	cassia cinnamon powder	laxmi	2190
1/31/2022	chili powder	spice classics	205
1/31/2022	curry powder	mccormick	211
1/31/2022	garlic powder	spice supreme	57.4
1/31/2022	cinnamon	la flor	676
1/31/2022	cinnamon	salma	58.2
1/31/2022	ground cinnamon	mccormick	103
1/31/2022	cinnamon powder	swad	2440
1/31/2022	cinnamon	a taste of the east	574
2/1/2022	oregano ground	the serranito	271
2/1/2022	jerusalem glatt curry	curry powder	46.6
2/1/2022	jerusalem glatt shawarma	shawarma seasoning	63.6
2/3/2022	laxmi chili powder kashmiri	chili powder	77.3
2/7/2022	organic ground saigon cinnamon	mccormick gourmet	215
2/7/2022	ground cinnamon	morton & bassett san	455
2/7/2022	organic ground cinnamon	full circle market	703
2/7/2022	ground cinnamon	mccormick	125
2/7/2022	ground cinnamon	pics	120
2/7/2022	cinnamon	the spice hunter	242
2/7/2022	cinnamon ground	lior	2550
2/7/2022	cinnamon powder	zara	2310
2/7/2022	cinnamon powder	red diamond	2210
2/7/2022	cinnamon ground	spice time	814
2/7/2022	freshly ground cinnamon	prima	759
2/7/2022	ground cinnamon	gefen	627
2/7/2022	freshly ground cinnamon	prima	734
2/7/2022	ground cinnamon	lieber s	32.7
2/7/2022	cinnamon organic	natural earth products	34.1
2/8/2022	ground cinnamon	chestnut hill	2420
2/8/2022	ground cinnamon	chestnut hill	2890
2/14/2022	allspice	minnesota smile	26.3
2/14/2022	allspice	badia	15.8
2/14/2022	whole allspice	casablanca natural	53.5
2/14/2022	ground allspice	la flor	146
2/14/2022	ground allspice	angel brand	123
2/14/2022	ground allspice	badia	14.1
2/14/2022	ground allspice	sadaf	154
2/14/2022	ground allspice	morton & bassett	15.6
2/14/2022	ground allspice	good & gather	12.3
2/14/2022	ground allspice	good & gather	53.6
2/14/2022	ground allspice	mccormick	27.7
2/14/2022	organic ground allspice	mccormick	43.1
2/14/2022	whole allspice	mccormick	77.7
2/14/2022	ground allspice	mccormick	46.8
2/14/2022	organic ground allspice	mccormick	26.4
2/14/2022	ground allspice	gabriel s supermarket	31.0
2/14/2022	ground allspice	la flor	2170
2/14/2022	ground allspice	mccormick	47.1
2/14/2022	organic ground allspice	mccormick	35.8
2/14/2022	saffron powder	lucky foods	815
2/14/2022	dry ajika	lucky foods	83.4
2/14/2022	nettle	malwa herbal tea	none
2/22/2022	turmeric powder	bot nghe	3410
3/3/2022	black pepper	fabi-saa	46.3
3/8/2022	ground nutmeg	badia	12.8
3/8/2022	cinnamon powder	badia	1270
3/8/2022	curry powder	badia	226
3/8/2022	ground cumin	badia	340
3/8/2022	ground ginger	badia	574
3/11/2022	dried laurus nobilis l powder	golden lion	2050
3/11/2022	dried cuminum cyminum l. powder	golden lion	454
3/11/2022	dried five spice powder	golden lion	1960
3/11/2022	red pepper powder	golden crop	598
3/10/2022	pure fancy paprika	eagle spice & extract	229.0
3/15/2022	cinnamon sticks	egn	1410.0
3/15/2022	cinnamon sticks	egn	306.0
3/15/2022	cinnamon sticks	egn	956.0
3/15/2022	cinnamon sticks	egn	656.0
3/15/2022	cinnamon sticks	egn	2250.0
3/21/2022	saffron powder	chief	51.6
3/29/2022	dill seeds	swad	43.5
3/29/2022	dill seed	mccormick	73.8
3/29/2022	dill seed	mccormick	16.0
3/29/2022	dill seed	mccormick	58.2
3/29/2022	dill seed	mccormick	52.6
3/29/2022	dill seed	mccormick	47.3
3/30/2022	ground cinnamon	buen provencho	1310
3/30/2022	oregano	buen provencho	231
4/4/2022	dill seed	mccormick	56.2
4/4/2022	dill seed	mccormick	24.5
4/4/2022	dill seeds	mccormick	63.5
4/4/2022	fried garlic	wangderm	24.0
4/5/2022	dill seed	casablanca	50.7
4/5/2022	dill seeds	spice supreme	49.3
4/5/2022	dill seed	mccormick	39.2
4/5/2022	dill seed	three rivers	111
4/5/2022	dill seeds	swad	35.8
4/5/2022	dill weed	badia	702
4/4/2022	instant ginger punch salabat	ludy s	none
4/8/2022	five spice powder	hong lee trading inc.	2340
4/8/2022	bot cari curry powder	hong lee trading inc.	466
4/8/2022	bot rieng galangal powder	hong lee trading inc.	733
4/8/2022	bot que cinnamon powder	hong lee trading inc.	875
4/11/2022	organic dill seed	mccormick	19.4
4/11/2022	dill seed	mccormick	42.3
4/11/2022	organic dill seed	mccormick	62.9
4/11/2022	dill seed	mccormick	45.3
4/11/2022	dill seed	p&c fresh	66.4
4/11/2022	organic dill seed	mccormick	18.4
4/11/2022	organic dill seed	mccormick	68.4
4/11/2022	organic dill seed	mccormick	66.9
4/11/2022	dill seed	mccormick	44.1
4/11/2022	dill seed	mccormick	45.9
4/12/2022	dill seeds	grace s marketplace	62.1
4/12/2022	dill seeds	swad	45.2
4/12/2022	dill seeds	deep	70.2
4/18/2022	organic dill seed	great value	84.4
4/18/2022	dill seed	mccormick	70.4
4/18/2022	organic dill seed	mccormick	16.7
4/18/2022	dill seed	mccormick	56.8
4/18/2022	dill seed	mccormick	43.2
4/18/2022	dill seed	mccormick	18.3
4/18/2022	dill seed	vidler's	107
4/18/2022	dill seed	mccormick	19.4
4/18/2022	dill seed	mccormick	54.4
4/18/2022	dill seed	mccormick	48.3
4/19/2022	organic dill seed	mccormick	17.8
4/19/2022	organic dill seed	frontier	53.9
4/19/2022	dill seed	organic great value	66.2
4/25/2022	paprika	lidl	86.1
4/25/2022	chopped onion	spice classics	none
4/25/2022	garlic salt	spice classics	none
4/25/2022	dill weed	mccormick	92.8
4/25/2022	dill weed	full circle	872
4/25/2022	dill weed	morton & bassett	32.9
4/26/2022	dill weed	mc cormick	188
4/26/2022	dill weed	organics	1180
4/26/2022	dill weed	spice islands	111
4/26/2022	dill weed	garden gourmet	479
4/25/2022	dill weed	mccormick	182
4/26/2022	dill weed	la flor	739
4/26/2022	dill weed	la flor	735
4/26/2022	dill weed	mccormick	151
4/26/2022	100% organic dill weed	m & b spices	249
4/26/2022	dill weed	wegmans organic	343
4/26/2022	dill weed	badia	811
4/26/2022	dill weed	greatvalue	72.2
4/27/2022	dill seed whole	mike s spice	68.1
4/27/2022	organic dill seed	mccormick gourmet	22.1
4/27/2022	dill seed	mccormick	45.0
4/27/2022	dill weed	badia	1280
4/27/2022	dill weed	mccormick	235
4/27/2022	dill weed	super foodtown	1050
4/28/2022	dill seed	mccormick	43.8
5/2/2022	marjoram leaves	mccormick	630.0
5/2/2022	organic marjoram	mccormick	281.0
5/2/2022	marjoram leaves	mccormick	481.0
5/2/2022	leaf marjoram	tone s	528.0
5/2/2022	ground marjoram	tone s	649.0
5/2/2022	marjoram leaves	mccormick	661.0
5/2/2022	marjoram leaves	mccormick	708.0
5/2/2022	marjoram leaves	mccormick	640.0
5/2/2022	organic marjoram	mccormick	272.0
5/2/2022	organic marjoram	mccormick	276.0
5/3/2022	five-spice powder	golden chick	2650.0
5/4/2022	chili powder	la flor	405.0
5/4/2022	chili powder	badia	68.1
5/4/2022	curry powder	salma	95.5
5/4/2022	jamaican curry powder	la flor	146
5/9/2022	cumin powder		194
5/9/2022	organic marjoram	mccormick	265
5/9/2022	marjoram leaves	mccormick	703
5/9/2022	marjoram	dion	1730
5/9/2022	marjoram leaf cut	frontier co-op	817
5/9/2022	organic marjoram	mccormick	264
5/9/2022	marjoram	mccormick	266
5/9/2022	marjoram	frontier coop	166
5/9/2022	marjoram	mccormick	747
5/9/2022	marjoram	mccormick	241
5/10/2022	sesame seeds white	maya	none
5/10/2022	cinnamon powder	maya	4030
5/11/2022	dried clove powder	taste of king	353
5/10/2022	marjoram	la flor	994
5/10/2022	majoram	el gallon	757
5/16/2022	marjoram	marilla country store	960
5/16/2022	organic marjoram	prima oliva	3870
5/16/2022	marjoram	country cupboard	1010
5/9/2022	marjoram	mccormick	439
5/17/2022	marjoram leaves	casablanca	1660
5/16/2022	organic marjoram	great value	2680.0
5/16/2022	organic marjoram	mccormick gourmet	315.0
5/16/2022	marjoram leaves	mccormick gourmet	783.0
5/16/2022	ground marjoram	good & gather	1070.0
5/17/2022	marjoram	mccormick	397.0
5/17/2022	organic marjoram	mccormick	262.0
5/17/2022	organic marjoram whole	spicely	578.0
5/16/2022	organic marjoram	mccormick	269.0
5/16/2022	marjoram leaves	mccormick	665.0
5/16/2022	ground marjoram	good & gather	1280.0
5/17/2022	marjoram leaves	mccormick	403.0
5/17/2022	marjoram leaves	salma	912.0
5/17/2022	marjoram/ mejorana	el gallon brands	626.0
7/5/2022	organic dill seed	mccormick gourmet	20.8
7/5/2022	dill seed	mccormick	56.8
7/5/2022	baby dill	nature s promise	12.4
7/5/2022	organic dill	goodness gardens	11.0
7/5/2022	marjoram leaves	mccormick	333.0
7/5/2022	organic marjoram	mccormick	256.0
7/5/2022	marjoram	la flor	768.0
7/5/2022	marjoram	the spice hunter	694.0
7/5/2022	marjoram gourmet	the spice hunter	568.0
7/5/2022	marjoram	morton & bassett	417.0
7/5/2022	marjoram leaves	mccormick	474.0
7/5/2022	marjoram leaves	mccormick	628.0
7/5/2022	marjoram leaves	mccormick	412.0
7/5/2022	dill seed	mccormick	57.7
7/5/2022	dill seed	casablanca	60.0
7/5/2022	dill weed	simply organic	325.0
7/5/2022	dill weed	spice islands	110.0
7/5/2022	marjoram leaves	mccormick	647.0
7/5/2022	marjoram leaves	mccormick	642.0
7/5/2022	marjoram leaves	mccormick	585.0
7/5/2022	dill weed	dion	177.0
7/5/2022	organic dill weed	dion	283.0
7/8/2022	marjoram leaf	chefs quality	835
7/8/2022	marjoram leaf	chefs quality	828
7/11/2022	fresh marjoram	eataly	55.0
7/11/2022	organic marjoram	mccormick gourmet	149
7/11/2022	marjoram leaves	mccormick	392
7/11/2022	marjoram	mccormick	510
7/11/2022	organic majoram	mccormick gourmet	226
7/11/2022	marjoram	great value organic	704
7/11/2022	majoram	tone s	721
7/11/2022	marjoram	wholesome pantry	206
7/11/2022	marjoram	badia	843
7/11/2022	marjoram leaves	mccormick	612
7/11/2022	organic marjoram	mccormick gourmet	194.0
7/11/2022	marjoram leaves	village barn fresh	972.0
7/11/2022	marjoram	la flor	931.0
7/12/2022	marjoram	mccormick	619.0
7/12/2022	marjoram leaves	mccormick	593.0
7/14/2022	black cumin seed	deer	169.0
7/12/2022	tierra santa	la frontera	4650.0
7/12/2022	tequesquite	la frontera	6000.0
7/18/2022	parsley flakes	parade	173.0
7/18/2022	parsley flakes	mccormick	173.0
7/18/2022	parsley organic	the spice hunter	1420.0
7/18/2022	parsley	simply organic	403.0
7/18/2022	all natural flat leaf parsley	mccormick gourmet	241.0
7/18/2022	parsley	simply organic	323.0
7/18/2022	parsley	public goods	309.0
7/18/2022	parsley flakes	spice classics	113.0
7/18/2022	parsley flakes	mccormick	53.7
7/18/2022	parsley flakes	casablanca	415.0
7/19/2022	parsley flakes	mccormick	149.0
7/19/2022	parsley flakes	spice classics	77.0
7/19/2022	parsley flakes	mccormick	91.8
7/19/2022	parsley	simply organic	442.0
7/19/2022	flat leaf parsley	mccormick gourmet	229.0
7/19/2022	parsley	badia	239
7/19/2022	parsley	la flor	406
7/19/2022	parsley flakes	apple spoon	516
7/19/2022	parsley flakes	angel brand	168
7/19/2022	parsley flakes	caribbean blue	1130
8/2/2022	arbol molido	mi barillo tortilleria	113
8/10/2022	parsley organic	spice hunter	1430
8/19/2022	parsley flakes	caribbean blue island	398
8/24/2022	cholent spice	shloimys kitchen	93.7
8/26/2022	ground turmeric	great value	30.9
8/26/2022	ground cinnamon	great value	704
8/26/2022	ground nutmeg	organic great value	none
8/25/2022	turmeric powder	salma	53.4
9/1/2022	ground cumin	salma	239
9/2/2022	tequesquite	la frontera	10400
9/28/2022	vegetarians seasoning v0439	vegehope	none
9/29/2022	marjoram leaves	parry s inc	623
9/29/2022	potash red	issowazena	1100
9/29/2022	powdered potash	issowazena	736
9/29/2022	skewered pepper	none	137
10/3/2022	parsley	abarrotera	828
10/3/2022	parsley flakes	la flor	591
10/3/2022	parsley flakes	la flor	845
10/3/2022	parsley flakes	salma	308
10/3/2022	parsley flakes	mimi s products	476
10/3/2022	parsley flakes	la flor	229
10/3/2022	parsley flakes	mccormick	66.9
10/3/2022	premium cumin	ziyad	238
10/3/2022	parsley flakes	krasdale	188
10/3/2022	parsley flakes	mccormick	173
10/3/2022	parsley flakes	la flor	274
10/4/2022	black ground pepper	matua boctoka	170
10/4/2022	cardamom	matua boctoka	115
10/12/2022	dried orange peel	royal king	241.0
10/12/2022	dried cortex cinnamon	selected foods	2030.0
10/12/2022	dried geranyl powder	taste of king	252.0
10/12/2022	dried five spice seasoning powder	taste of king	2510.0
10/17/2022	parsely flakes	badia	112.0
10/17/2022	parsley flakes	la flor	210.0
10/17/2022	parsely flakes	mimi's products	778.0
10/17/2022	parsely flakes	simply organic	431.0
10/17/2022	organic parsley	365 whole foods	429.0
10/17/2022	organic parsley flakes	watkins	1410.0
10/17/2022	dried parsley	netpywka	560.0
10/17/2022	parsley flakes	la flor	472.0
10/17/2022	parsley flakes	casablanca	382.0
10/17/2022	parsley	public good	271.0
10/25/2022	parsley flakes	chefs quality	240.0
10/25/2022	parsley flakes	la flor	227.0
10/25/2022	parsley flakes	salma	314.0
10/25/2022	parsley flakes	bogopa	589.0
10/25/2022	parsley flakes	badia	241.0
10/25/2022	parsley flakes	badia	265.0
10/25/2022	parsley flakes	la flor	212.0
10/25/2022	parsley flakes	spiceco	642.0
10/25/2022	parsley flakes	spice classics	100.0
10/25/2022	parsley flakes	mccormick	222.0
11/7/2022	parsley flakes	eagle spice &extract	157.0
11/7/2022	parsley flakes	eagle spice &extract	496.0
11/7/2022	parsley flakes	la flor	439.0
11/7/2022	parsley flakes	badia	517.0
11/7/2022	parsley flakes	badia	246.0
11/7/2022	parsley flakes	badia	285.0
11/7/2022	parsley flakes	eagle spice & extract	551.0
11/14/2022	parsley flakes	sadaf	472.0
11/14/2022	parsley flakes	ta'am vareach	328.0
11/14/2022	parsley flakes	pereg	30.8
11/14/2022	parsley flakes	eagle spice & extract	217.0
11/14/2022	parsley flakes	badia	362.0
11/14/2022	parsley flakes	la flor	128
11/14/2022	parsley	lo nuestro rio grande	329
11/10/2022	ground oregano	mi pepito	3190
11/10/2022	sweet basil	mi pepito	310
11/15/2022	parsley flakes	stop and shop	147
11/15/2022	organic parsley flakes	watkins	1440
11/15/2022	parsley flakes	mccormick	141
11/17/2022	fenugreek powder	organic spice	17.0
11/17/2022	turmeric powder	organic spice	21.4
11/28/2022	methi powder	deshi	57.5
11/29/2022	freeze dried parsley	litehouse	617
11/29/2022	parsley flakes	spice classics	110.0
11/29/2022	parsley flakes	mccormick	70.0
11/29/2022	flat leaf parsley	mccormick	230.0
11/29/2022	parsely flakes	mccormick	106.0
11/29/2022	parsley flakes	great value	1080.0
11/29/2022	parsley flakes	good & gather	202.0
11/29/2022	parsley flakes	spice classics	82.2
11/29/2022	flat leaf parsley	mccormick	149.0
11/29/2022	parsley flakes	mccormick	66.1
12/5/2022	parsley flakes	mimi s	796.0
12/5/2022	parsley flakes	mimi s	1980.0
12/5/2022	parsley flakes	mimi s	681.0
12/5/2022	parsley flakes	la flor	253.0
12/5/2022	parsley flakes	la flor	240.0
12/5/2022	parsley flakes	la flor	219.0
12/5/2022	parsley flakes	la flor	759.0
12/5/2022	parsley flakes	mimi s	391.0
12/5/2022	parsley flakes	mimi s	1700.0
12/5/2022	parsley flakes	la flor	252
12/5/2022	parsley flakes	la flor	234
12/5/2022	parsley flakes	eagle spice	159
12/5/2022	parsley flakes	salma herbs and	412
12/5/2022	italian seasoning	casablanca herbs and	445
12/5/2022	parsley flakes	mccormick	62.5
12/12/2022	parsley flakes	spice supreme	842.0
12/12/2022	parsley flakes	chestnut hill	197.0
12/12/2022	parsley flakes	marcum	679.0
12/12/2022	parsley flakes	stone mill	175.0
12/12/2022	parsley flakes	supreme tradition	944.0
12/12/2022	parsley flakes	litehouse	652.0
12/12/2022	parsley flakes	mccormick	72.1
12/12/2022	parsley flakes	mccormick	107.0
12/12/2022	parsley	morton & bassett	544.0
12/12/2022	italian parsley	morton & bassett	116.0
12/13/2022	roasted chili powder	wijaya	183.0
12/13/2022	roasted curry powder	wijaya	56.5
12/14/2022	curry powder	super fresh	1160.0
12/19/2022	caribbean blue island spices	dried parsley	347.0
12/19/2022	la flor parsley flakes	dried parsley	241.0
12/19/2022	krasdale parsley flakes	dried parsley	591.0
12/19/2022	badia parsley flakes	dried parsley	125.0
12/19/2022	frontier co-op organic parsley	dried parsley	599.0
12/19/2022	parsley flakes	eagle spice	228.0
12/19/2022	parsley flakes	badia	628.0
12/19/2022	parsley flakes	la flor	239.0
12/19/2022	parsley flakes	la flor	267.0
12/19/2022	parsley flakes	eagle spice	251.0
12/19/2022	parsley flakes	krasdale	290.0
12/20/2022	dried cinnamon powder	golden lion	2010.0
12/20/2022	dried five spice powder	ngu vi huong	1270.0
12/22/2022	madras curry powder	ca ri ni an do kim	646.0
11/20/2019	achar masala mild	swad	42.8
11/20/2019	achar masala hot n spicy	swad	43.6
11/22/2019	dry garlic chutney	deep	200
11/22/2019	pickle masala	swan	62.2
12/4/2019	ground cumin	spice supreme	261
12/3/2019	garam masala	eastern fruits &	247
12/3/2019	cinnamon powder	eastern fruits &	341
12/10/2019	turmeric powder	ran hog fods	27.7
12/16/2019	dried five spice seasoning powder	star seasonings	2400
12/20/2019	natural oregano	soy dominicano	284
12/16/2019	dried chili	imported name	107
12/16/2019	five-spice	powder	2140
